Volcano Name,Eruption Type,Start Date,Max. VEI
"Fournaise, Piton de la",Confirmed Eruption,2020 Feb 10,--
Rincon de la Vieja,Confirmed Eruption,2020 Jan 31,--
Fernandina,Confirmed Eruption,2020 Jan 12,--
Taal,Confirmed Eruption,2020 Jan 12,--
Kuchinoerabujima,Confirmed Eruption,2020 Jan 11,--
Whakaari/White Island,Confirmed Eruption,2019 Dec 9,2
Semisopochnoi,Confirmed Eruption,2019 Dec 7,--
Nishinoshima,Confirmed Eruption,2019 Dec 5,1
Cleveland,Uncertain Eruption,2019 Nov 7,--
Kikai,Confirmed Eruption,2019 Nov 2,--
Klyuchevskoy,Confirmed Eruption,2019 Oct 24,--
Lateiki,Confirmed Eruption,2019 Oct 13,1
Asamayama,Confirmed Eruption,2019 Aug 7,--
Copahue,Confirmed Eruption,2019 Aug 2,--
Tangkuban Parahu,Confirmed Eruption,2019 Jul 26,--
Shishaldin,Confirmed Eruption,2019 Jul 23,--
"Ruiz, Nevado del",Confirmed Eruption,2019 Jul 23,--
Semisopochnoi,Confirmed Eruption,2019 Jul 16,--
Ulawun,Confirmed Eruption,2019 Jun 26,--
Ubinas,Confirmed Eruption,2019 Jun 24,--
Raikoke,Confirmed Eruption,2019 Jun 22,--
"Fournaise, Piton de la",Confirmed Eruption,2019 Jun 11,--
Great Sitkin,Confirmed Eruption,2019 Jun 1,--
Sarychev Peak,Confirmed Eruption,2019 May 16,2
Colima,Confirmed Eruption,2019 May 11,--
Asosan,Confirmed Eruption,2019 Apr 16,--
Klyuchevskoy,Confirmed Eruption,2019 Apr 9,--
Sangay,Confirmed Eruption,2019 Mar 26,--
San Cristobal,Confirmed Eruption,2019 Mar 4,--
"Fournaise, Piton de la",Confirmed Eruption,2019 Feb 18,--
Tengger Caldera,Confirmed Eruption,2019 Feb 18,2
Karymsky,Confirmed Eruption,2019 Feb 16,--
Poas,Confirmed Eruption,2019 Feb 7,--
Sinabung,Confirmed Eruption,2019 Feb 6,--
Tinakula,Confirmed Eruption,2018 Dec 8,2
Karangetang,Confirmed Eruption,2018 Nov 25,2
Planchon-Peteroa,Confirmed Eruption,2018 Nov 7,1
"Ruiz, Nevado del",Uncertain Eruption,2018 Oct 26,--
Kuchinoerabujima,Confirmed Eruption,2018 Oct 21,3
Gamalama,Confirmed Eruption,2018 Oct 4,1
Soputan,Confirmed Eruption,2018 Oct 2,3
Barren Island,Confirmed Eruption,2018 Sep 25,1
Ulawun,Confirmed Eruption,2018 Sep 21,2
Ketoi,Uncertain Eruption,2018 Sep 21,1
Sarychev Peak,Confirmed Eruption,2018 Sep 8,2
Semisopochnoi,Confirmed Eruption,2018 Sep 8,1
Veniaminof,Confirmed Eruption,2018 Sep 4,1
Alaid,Confirmed Eruption,2018 Aug 20,1
Sangay,Confirmed Eruption,2018 Aug 8,2
Rincon de la Vieja,Confirmed Eruption,2018 Jul 28,1
Nishinoshima,Confirmed Eruption,2018 Jul 12,1
Mayotte,Confirmed Eruption,2018 Jul 3,0
"Negra, Sierra",Confirmed Eruption,2018 Jun 26,2
Telica,Confirmed Eruption,2018 Jun 21,1
Krakatau,Confirmed Eruption,2018 Jun 18,3
Fernandina,Confirmed Eruption,2018 Jun 16,1
Great Sitkin,Confirmed Eruption,2018 Jun 10,1
Ulawun,Confirmed Eruption,2018 Jun 8,1
Merapi,Confirmed Eruption,2018 May 11,3
Karymsky,Confirmed Eruption,2018 Apr 28,3
Marapi,Confirmed Eruption,2018 Apr 27,2
San Cristobal,Confirmed Eruption,2018 Apr 22,1
Kerinci,Confirmed Eruption,2018 Apr 21,1
Nyamuragira,Confirmed Eruption,2018 Apr 18,0
"Fournaise, Piton de la",Confirmed Eruption,2018 Apr 3,0
Dieng Volcanic Complex,Confirmed Eruption,2018 Apr 1,1
Kirishimayama,Confirmed Eruption,2018 Mar 1,3
Sangay,Confirmed Eruption,2018 Feb 25,1
Karangetang,Confirmed Eruption,2018 Feb 2,1
Kusatsu-Shiranesan,Confirmed Eruption,2018 Jan 23,1
San Miguel,Confirmed Eruption,2018 Jan 14,1
Mayon,Confirmed Eruption,2018 Jan 13,2
Kadovar,Confirmed Eruption,2018 Jan 5,2
"Ruiz, Nevado del",Uncertain Eruption,2017 Dec 18,--
Kanlaon,Confirmed Eruption,2017 Dec 9,2
Agung,Confirmed Eruption,2017 Nov 21,3
Dempo,Confirmed Eruption,2017 Nov 9,1
Tinakula,Confirmed Eruption,2017 Oct 21,3
Sarychev Peak,Confirmed Eruption,2017 Oct 12,2
Kirishimayama,Confirmed Eruption,2017 Oct 11,2
Ambae,Confirmed Eruption,2017 Sep 6,3
Fernandina,Confirmed Eruption,2017 Sep 4,2
San Cristobal,Confirmed Eruption,2017 Aug 18,3
Kerinci,Confirmed Eruption,2017 Aug 13,1
Sangay,Confirmed Eruption,2017 Jul 20,2
Sangeang Api,Confirmed Eruption,2017 Jul 15,2
"Fournaise, Piton de la",Confirmed Eruption,2017 Jul 14,0
Ulawun,Confirmed Eruption,2017 Jun 11,1
Bulusan,Confirmed Eruption,2017 Jun 5,1
Marapi,Confirmed Eruption,2017 Jun 4,1
Karymsky,Confirmed Eruption,2017 Jun 4,3
Copahue,Confirmed Eruption,2017 Jun 4,1
Rincon de la Vieja,Confirmed Eruption,2017 May 23,2
Karangetang,Uncertain Eruption,2017 May 10,--
Dieng Volcanic Complex,Confirmed Eruption,2017 Apr 30,1
Nishinoshima,Confirmed Eruption,2017 Apr 18,2
Poas,Confirmed Eruption,2017 Apr 12,1
"Lengai, Ol Doinyo",Confirmed Eruption,2017 Apr 9,0
Kick 'em Jenny,Confirmed Eruption,2017 Mar 29,0
Aira,Confirmed Eruption,2017 Mar 25,1
Kambalny,Confirmed Eruption,2017 Mar 24,3
Ebulobo,Uncertain Eruption,2017 Mar 12,--
Krakatau,Confirmed Eruption,2017 Feb 19,1
San Cristobal,Confirmed Eruption,2017 Feb 18,1
"Fournaise, Piton de la",Confirmed Eruption,2017 Jan 31,0
Unnamed,Confirmed Eruption,2017 Jan 23,0
Barren Island,Confirmed Eruption,2017 Jan 15,2
San Miguel,Confirmed Eruption,2017 Jan 7,1
Bogoslof,Confirmed Eruption,2016 Dec 20,3
Chirinkotan,Confirmed Eruption,2016 Nov 29,3
Nyamuragira,Confirmed Eruption,2016 Nov 27,0
Zhupanovsky,Confirmed Eruption,2016 Nov 20,2
Kerinci,Confirmed Eruption,2016 Nov 15,1
Sabancaya,Confirmed Eruption,2016 Nov 6,3
Ebeko,Confirmed Eruption,2016 Oct 20,2
Ulawun,Confirmed Eruption,2016 Oct 11,1
Asosan,Confirmed Eruption,2016 Oct 7,3
Karymsky,Confirmed Eruption,2016 Oct 5,2
"Lengai, Ol Doinyo",Confirmed Eruption,2016 Sep 21,--
Whakaari/White Island,Confirmed Eruption,2016 Sep 13,1
Ubinas,Confirmed Eruption,2016 Sep 13,2
"Fournaise, Piton de la",Confirmed Eruption,2016 Sep 11,0
Gamalama,Confirmed Eruption,2016 Aug 3,1
Rinjani,Confirmed Eruption,2016 Aug 1,2
Chikurachki,Confirmed Eruption,2016 Jul 27,2
San Miguel,Confirmed Eruption,2016 Jun 18,1
Bulusan,Confirmed Eruption,2016 Jun 10,2
Poas,Confirmed Eruption,2016 Jun 5,1
"Fournaise, Piton de la",Confirmed Eruption,2016 May 26,0
Whakaari/White Island,Confirmed Eruption,2016 Apr 27,1
Bristol Island,Confirmed Eruption,2016 Apr 24,1
San Cristobal,Confirmed Eruption,2016 Apr 22,2
Cleveland,Confirmed Eruption,2016 Apr 16,2
Langila,Confirmed Eruption,2016 Apr 2,2
Kerinci,Confirmed Eruption,2016 Mar 31,2
Zavodovski,Confirmed Eruption,2016 Mar 30,1
Chikurachki,Confirmed Eruption,2016 Mar 29,2
Pavlof,Confirmed Eruption,2016 Mar 27,2
Sangay,Confirmed Eruption,2016 Mar 25,2
Bulusan,Confirmed Eruption,2016 Feb 22,2
San Miguel,Confirmed Eruption,2016 Jan 12,1
"Chillan, Nevados de",Confirmed Eruption,2016 Jan 8,2
Soputan,Confirmed Eruption,2016 Jan 2,3
Momotombo,Confirmed Eruption,2015 Dec 1,2
Kanlaon,Confirmed Eruption,2015 Nov 24,2
Marapi,Confirmed Eruption,2015 Nov 14,1
Tengger Caldera,Confirmed Eruption,2015 Nov 12,2
Lascar,Confirmed Eruption,2015 Oct 30,2
Rinjani,Confirmed Eruption,2015 Oct 25,2
Masaya,Confirmed Eruption,2015 Oct 3,1
Alaid,Confirmed Eruption,2015 Sep 29,1
Telica,Confirmed Eruption,2015 Sep 23,2
Copahue,Confirmed Eruption,2015 Sep 18,2
Lokon-Empung,Confirmed Eruption,2015 Aug 30,1
Klyuchevskoy,Confirmed Eruption,2015 Aug 28,3
Cotopaxi,Confirmed Eruption,2015 Aug 14,2
San Miguel,Confirmed Eruption,2015 Aug 13,1
Kick 'em Jenny,Confirmed Eruption,2015 Jul 23,0
Gamalama,Confirmed Eruption,2015 Jul 16,2
Sirung,Confirmed Eruption,2015 Jul 7,1
Hakoneyama,Confirmed Eruption,2015 Jun 29,1
Sabancaya,Confirmed Eruption,2015 Jun 28,1
Cereme,Uncertain Eruption,2015 Jun 24,--
"Lengai, Ol Doinyo",Confirmed Eruption,2015 Jun 20,0
Asamayama,Confirmed Eruption,2015 Jun 16,1
Rincon de la Vieja,Confirmed Eruption,2015 Jun 16,1
Pacaya,Confirmed Eruption,2015 Jun 7,1
Kuchinoerabujima,Confirmed Eruption,2015 May 29,3
Wolf,Confirmed Eruption,2015 May 25,4
Lokon-Empung,Confirmed Eruption,2015 May 20,1
Telica,Confirmed Eruption,2015 May 7,2
Bulusan,Confirmed Eruption,2015 May 1,2
Axial Seamount,Confirmed Eruption,2015 Apr 23,0
Calbuco,Confirmed Eruption,2015 Apr 22,4
Turrialba,Confirmed Eruption,2015 Mar 8,2
San Cristobal,Confirmed Eruption,2015 Mar 5,2
Chikurachki,Confirmed Eruption,2015 Feb 16,3
"Fournaise, Piton de la",Confirmed Eruption,2015 Feb 4,0
Raung,Confirmed Eruption,2015 Feb 1,3
San Miguel,Confirmed Eruption,2015 Jan 26,1
Sangay,Confirmed Eruption,2015 Jan 19,2
Soputan,Confirmed Eruption,2015 Jan 6,3
Klyuchevskoy,Confirmed Eruption,2015 Jan 1,2
Hunga Tonga-Hunga Ha'apai,Confirmed Eruption,2014 Dec 19,2
Gamalama,Confirmed Eruption,2014 Dec 18,2
Sinarka,Uncertain Eruption,2014 Dec 3,1
Villarrica,Confirmed Eruption,2014 Dec 2,1
Lopevi,Uncertain Eruption,2014 Dec 1,--
Fogo,Confirmed Eruption,2014 Nov 23,3
Chirinkotan,Confirmed Eruption,2014 Nov 21,2
"Ruiz, Nevado del",Confirmed Eruption,2014 Nov 18,2
Saunders,Confirmed Eruption,2014 Nov 12,1
Pavlof,Confirmed Eruption,2014 Nov 12,1
Turrialba,Confirmed Eruption,2014 Oct 29,2
Lewotobi,Uncertain Eruption,2014 Oct 6,2
Ontakesan,Confirmed Eruption,2014 Sep 27,3
Rincon de la Vieja,Confirmed Eruption,2014 Sep 17,1
Asosan,Confirmed Eruption,2014 Aug 30,2
Bardarbunga,Confirmed Eruption,2014 Aug 29,0
Pacaya,Confirmed Eruption,2014 Aug 25,1
Mayon,Confirmed Eruption,2014 Aug 12,0
Sabancaya,Uncertain Eruption,2014 Aug 5,1
Kuchinoerabujima,Confirmed Eruption,2014 Aug 3,1
San Cristobal,Confirmed Eruption,2014 Jul 20,2
Rabaul,Confirmed Eruption,2014 Jul 7,3
Copahue,Confirmed Eruption,2014 Jul 4,1
Manam,Confirmed Eruption,2014 Jun 29,2
"Fournaise, Piton de la",Confirmed Eruption,2014 Jun 21,0
Karangetang,Confirmed Eruption,2014 Jun 8,2
Zhupanovsky,Confirmed Eruption,2014 Jun 6,3
Pavlof,Confirmed Eruption,2014 May 31,3
Sangeang Api,Confirmed Eruption,2014 May 30,3
Nyamuragira,Confirmed Eruption,2014 May 30,0
Ahyi,Confirmed Eruption,2014 Apr 24,0
Semeru,Confirmed Eruption,2014 Apr 1,3
Krakatau,Confirmed Eruption,2014 Mar 31,1
Karkar,Confirmed Eruption,2014 Mar 26,1
Merapi,Confirmed Eruption,2014 Mar 9,3
Slamet,Confirmed Eruption,2014 Mar 8,2
Kelut,Confirmed Eruption,2014 Feb 13,4
Karangetang,Confirmed Eruption,2014 Feb 9,1
San Cristobal,Confirmed Eruption,2014 Feb 4,1
Marapi,Confirmed Eruption,2014 Feb 3,1
Kavachi,Confirmed Eruption,2014 Jan 29,1
Shishaldin,Confirmed Eruption,2014 Jan 28,1
Asosan,Confirmed Eruption,2014 Jan 13,1
Raung,Uncertain Eruption,2014 Jan 4,1
San Miguel,Confirmed Eruption,2013 Dec 29,2
Nishinoshima,Confirmed Eruption,2013 Nov 20,2
Merapi,Confirmed Eruption,2013 Nov 18,2
Zhupanovsky,Confirmed Eruption,2013 Oct 23,3
Barren Island,Confirmed Eruption,2013 Oct 12,2
Tangkuban Parahu,Confirmed Eruption,2013 Oct 5,1
Zubair Group,Confirmed Eruption,2013 Sep 28,2
Telica,Confirmed Eruption,2013 Sep 25,1
Sinabung,Confirmed Eruption,2013 Sep 15,4
Etna,Confirmed Eruption,2013 Sep 3,2
Ubinas,Confirmed Eruption,2013 Sep 1,2
Iliwerung,Confirmed Eruption,2013 Aug 20,0
Klyuchevskoy,Confirmed Eruption,2013 Aug 15,1
Ketoi,Uncertain Eruption,2013 Jul 25,--
Villarrica,Confirmed Eruption,2013 Jul 25,1
Ulawun,Confirmed Eruption,2013 Jul 8,1
Izu-Torishima,Uncertain Eruption,2013 Jul 6,2
Veniaminof,Confirmed Eruption,2013 Jun 13,3
Chirinkotan,Confirmed Eruption,2013 Jun 11,1
San Cristobal,Confirmed Eruption,2013 Jun 7,1
Kikai,Confirmed Eruption,2013 Jun 4,1
Semeru,Confirmed Eruption,2013 Jun 4,1
Kerinci,Confirmed Eruption,2013 Jun 2,2
Turrialba,Confirmed Eruption,2013 May 21,2
Pavlof,Confirmed Eruption,2013 May 13,3
Masaya,Uncertain Eruption,2013 May 11,0
Mayon,Confirmed Eruption,2013 May 7,2
Lascar,Confirmed Eruption,2013 Apr 2,1
Pacaya,Confirmed Eruption,2013 Mar 5,2
Tangkuban Parahu,Confirmed Eruption,2013 Feb 21,2
Barren Island,Confirmed Eruption,2013 Feb 16,1
Etorofu-Yakeyama [Grozny Group],Confirmed Eruption,2013 Feb 16,2
Mariana Back-Arc Segment at 15.5°N,Confirmed Eruption,2013 Feb 13,0
Karkar,Confirmed Eruption,2013 Jan 29,3
Sangay,Confirmed Eruption,2013 Jan 25,2
Gamkonora,Uncertain Eruption,2013 Jan 23,1
Rabaul,Confirmed Eruption,2013 Jan 19,2
Colima,Confirmed Eruption,2013 Jan 6,2
San Cristobal,Confirmed Eruption,2012 Dec 26,2
Copahue,Confirmed Eruption,2012 Dec 22,2
Langila,Confirmed Eruption,2012 Dec 1,1
Tolbachik,Confirmed Eruption,2012 Nov 27,4
Tongariro,Confirmed Eruption,2012 Nov 21,2
Villarrica,Uncertain Eruption,2012 Nov 14,1
Chirpoi,Confirmed Eruption,2012 Nov 11,0
Ulawun,Confirmed Eruption,2012 Nov 6,1
Pagan,Confirmed Eruption,2012 Oct 30,2
Rincon de la Vieja,Confirmed Eruption,2012 Oct 17,1
Paluweh,Confirmed Eruption,2012 Oct 8,2
Alaid,Confirmed Eruption,2012 Oct 5,2
Marapi,Confirmed Eruption,2012 Sep 26,1
Gamalama,Confirmed Eruption,2012 Sep 15,1
Lokon-Empung,Confirmed Eruption,2012 Sep 15,2
San Cristobal,Confirmed Eruption,2012 Sep 8,2
Heard,Confirmed Eruption,2012 Sep 5,0
Klyuchevskoy,Confirmed Eruption,2012 Sep 1,1
Soputan,Confirmed Eruption,2012 Aug 26,3
Etorofu-Yakeyama [Grozny Group],Confirmed Eruption,2012 Aug 16,2
Whakaari/White Island,Confirmed Eruption,2012 Aug 7,2
Tongariro,Confirmed Eruption,2012 Aug 6,2
Monowai,Confirmed Eruption,2012 Aug 3,0
Havre Seamount,Confirmed Eruption,2012 Jul 17,1
Karangetang,Confirmed Eruption,2012 May 14,2
Galeras,Confirmed Eruption,2012 May 13,2
Sirung,Confirmed Eruption,2012 May 8,2
Ulawun,Confirmed Eruption,2012 May 7,1
Witori,Confirmed Eruption,2012 May 3,2
Masaya,Confirmed Eruption,2012 Apr 30,1
Marapi,Confirmed Eruption,2012 Mar 1,1
"Ruiz, Nevado del",Confirmed Eruption,2012 Feb 22,3
Rincon de la Vieja,Confirmed Eruption,2012 Feb 19,1
Kanaga,Confirmed Eruption,2012 Feb 18,2
Ioto,Confirmed Eruption,2012 Feb 10,1
Karkar,Confirmed Eruption,2012 Feb 1,3
Turrialba,Confirmed Eruption,2012 Jan 12,2
Callaqui,Uncertain Eruption,2012 Jan 2,--
Lewotolo,Confirmed Eruption,2012 Jan 2,1
Zubair Group,Confirmed Eruption,2011 Dec 18,2
Kerinci,Confirmed Eruption,2011 Dec 15,1
Gamalama,Confirmed Eruption,2011 Dec 5,2
Tungurahua,Confirmed Eruption,2011 Nov 27,3
Nyamuragira,Confirmed Eruption,2011 Nov 6,2
Klyuchevskoy,Uncertain Eruption,2011 Nov 2,--
"Hudson, Cerro",Confirmed Eruption,2011 Oct 26,2
Hierro,Confirmed Eruption,2011 Oct 10,2
Gaua,Confirmed Eruption,2011 Sep 17,1
Rincon de la Vieja,Confirmed Eruption,2011 Aug 22,1
San Cristobal,Confirmed Eruption,2011 Aug 21,1
Marapi,Confirmed Eruption,2011 Aug 3,2
Krakatau,Confirmed Eruption,2011 Jul 31,2
Cleveland,Confirmed Eruption,2011 Jul 19,2
Soputan,Confirmed Eruption,2011 Jul 3,3
Lokon-Empung,Confirmed Eruption,2011 Jun 26,2
"Lengai, Ol Doinyo",Confirmed Eruption,2011 Jun 22,0
Nabro,Confirmed Eruption,2011 Jun 13,4
Sangay,Confirmed Eruption,2011 Jun 6,2
Puyehue-Cordon Caulle,Confirmed Eruption,2011 Jun 4,5
Ambae,Confirmed Eruption,2011 Jun 4,1
Grimsvotn,Confirmed Eruption,2011 May 21,4
Asosan,Confirmed Eruption,2011 May 15,1
Semeru,Confirmed Eruption,2011 May 13,2
Pagan,Confirmed Eruption,2011 Apr 23,2
Tungurahua,Confirmed Eruption,2011 Apr 20,2
Axial Seamount,Confirmed Eruption,2011 Apr 6,0
Galeras,Uncertain Eruption,2011 Mar 31,--
Klyuchevskoy,Confirmed Eruption,2011 Mar 30,1
Rabaul,Confirmed Eruption,2011 Mar 29,2
Karangetang,Confirmed Eruption,2011 Mar 11,2
Telica,Confirmed Eruption,2011 Mar 7,2
Lokon-Empung,Confirmed Eruption,2011 Feb 22,1
Planchon-Peteroa,Confirmed Eruption,2011 Feb 17,3
Kirishimayama,Confirmed Eruption,2011 Jan 19,2
Turrialba,Confirmed Eruption,2011 Jan 14,1
Dallol,Confirmed Eruption,2011 Jan 4,0
Tengger Caldera,Confirmed Eruption,2010 Nov 26,3
Tungurahua,Confirmed Eruption,2010 Nov 22,3
Kizimen,Confirmed Eruption,2010 Nov 11,3
Bulusan,Confirmed Eruption,2010 Nov 6,2
Merapi,Confirmed Eruption,2010 Oct 26,4
Krakatau,Confirmed Eruption,2010 Oct 25,2
"Fournaise, Piton de la",Confirmed Eruption,2010 Oct 14,1
Sarychev Peak,Uncertain Eruption,2010 Sep 20,2
Barren Island,Confirmed Eruption,2010 Sep 17,2
Cleveland,Uncertain Eruption,2010 Sep 12,2
Planchon-Peteroa,Confirmed Eruption,2010 Sep 6,2
Sinabung,Confirmed Eruption,2010 Aug 27,2
Etna,Confirmed Eruption,2010 Aug 25,1
Galeras,Confirmed Eruption,2010 Aug 25,2
Manam,Confirmed Eruption,2010 Aug 10,2
Karangetang,Confirmed Eruption,2010 Aug 6,3
Turrialba,Uncertain Eruption,2010 Jul 24,2
Rabaul,Confirmed Eruption,2010 Jul 23,1
Ubinas,Uncertain Eruption,2010 Jul 18,1
Ebeko,Confirmed Eruption,2010 Jul 2,1
Ekarma,Confirmed Eruption,2010 Jun 30,2
Ioto,Uncertain Eruption,2010 Jun 19,1
San Cristobal,Confirmed Eruption,2010 Jun 9,2
Gorely,Confirmed Eruption,2010 Jun 6,1
Cleveland,Confirmed Eruption,2010 May 30,2
South Sarigan Seamount,Confirmed Eruption,2010 May 27,3
Ulawun,Confirmed Eruption,2010 May 26,2
Bezymianny,Confirmed Eruption,2010 May 21,3
Pagan,Confirmed Eruption,2010 May 3,1
Miyakejima,Confirmed Eruption,2010 Apr 11,1
Etna,Confirmed Eruption,2010 Apr 8,2
Kirishimayama,Confirmed Eruption,2010 Mar 30,1
Eyjafjallajokull,Confirmed Eruption,2010 Mar 20,4
Karkar,Uncertain Eruption,2010 Feb 25,1
Fukutoku-Oka-no-Ba,Confirmed Eruption,2010 Feb 3,1
Semeru,Confirmed Eruption,2010 Jan 5,2
Turrialba,Confirmed Eruption,2010 Jan 5,2
Nyamuragira,Confirmed Eruption,2010 Jan 2,1
Tungurahua,Confirmed Eruption,2010 Jan 1,3
Bezymianny,Confirmed Eruption,2009 Dec 17,3
Concepcion,Confirmed Eruption,2009 Dec 11,1
Villarrica,Confirmed Eruption,2009 Nov 22,1
Poas,Confirmed Eruption,2009 Nov 16,1
Kirishimayama,Uncertain Eruption,2009 Nov 15,1
"Fournaise, Piton de la",Confirmed Eruption,2009 Nov 5,1
Cleveland,Confirmed Eruption,2009 Oct 2,2
Gaua,Confirmed Eruption,2009 Sep 27,2
Dieng Volcanic Complex,Confirmed Eruption,2009 Sep 27,1
Langila,Confirmed Eruption,2009 Sep 16,2
Mayon,Confirmed Eruption,2009 Sep 15,2
San Cristobal,Confirmed Eruption,2009 Sep 6,2
Kolokol Group,Uncertain Eruption,2009 Aug 26,2
Klyuchevskoy,Confirmed Eruption,2009 Aug 1,2
Manda Hararo,Confirmed Eruption,2009 Jun 28,2
Cleveland,Confirmed Eruption,2009 Jun 25,2
Sarychev Peak,Confirmed Eruption,2009 Jun 11,4
Monowai,Confirmed Eruption,2009 May 4,0
Rinjani,Confirmed Eruption,2009 May 2,2
Sangeang Api,Uncertain Eruption,2009 May 1,--
Karkar,Uncertain Eruption,2009 May 1,--
Slamet,Confirmed Eruption,2009 Apr 21,1
Pagan,Uncertain Eruption,2009 Apr 15,2
Fernandina,Confirmed Eruption,2009 Apr 10,2
Miyakejima,Confirmed Eruption,2009 Apr 1,1
Kerinci,Confirmed Eruption,2009 Apr 1,1
Krakatau,Confirmed Eruption,2009 Mar 25,2
Hunga Tonga-Hunga Ha'apai,Confirmed Eruption,2009 Mar 17,2
Redoubt,Confirmed Eruption,2009 Mar 15,3
Guagua Pichincha,Uncertain Eruption,2009 Feb 16,1
Ebeko,Confirmed Eruption,2009 Feb 11,1
Villarrica,Confirmed Eruption,2009 Jan 29,1
Callaqui,Uncertain Eruption,2009 Jan 22,--
"Chillan, Nevados de",Uncertain Eruption,2009 Jan 21,--
Asamayama,Confirmed Eruption,2009 Jan 21,2
Curtis Island,Uncertain Eruption,2009 Jan 18,0
Dieng Volcanic Complex,Confirmed Eruption,2009 Jan 15,1
Poas,Confirmed Eruption,2009 Jan 12,1
Cleveland,Confirmed Eruption,2009 Jan 2,2
Dempo,Confirmed Eruption,2009 Jan 1,1
Koryaksky,Confirmed Eruption,2008 Dec 23,2
Karangetang,Confirmed Eruption,2008 Nov 29,2
San Cristobal,Confirmed Eruption,2008 Nov 21,1
Akan,Confirmed Eruption,2008 Nov 18,1
Tafu-Maka,Confirmed Eruption,2008 Nov 16,0
West Mata,Confirmed Eruption,2008 Nov 16,0
Alu-Dalafilla,Confirmed Eruption,2008 Nov 3,3
"Huila, Nevado del",Confirmed Eruption,2008 Oct 26,3
Villarrica,Confirmed Eruption,2008 Oct 26,1
Galeras,Confirmed Eruption,2008 Oct 21,3
Klyuchevskoy,Confirmed Eruption,2008 Oct 8,1
"Fournaise, Piton de la",Confirmed Eruption,2008 Sep 21,1
Tinakula,Confirmed Eruption,2008 Sep 19,1
Kirishimayama,Confirmed Eruption,2008 Aug 22,1
Bardarbunga,Uncertain Eruption,2008 Aug 16,0
Mayon,Confirmed Eruption,2008 Aug 10,1
Asamayama,Confirmed Eruption,2008 Aug 10,1
Kasatochi,Confirmed Eruption,2008 Aug 7,4
Concepcion,Confirmed Eruption,2008 Jul 30,1
Chikurachki,Confirmed Eruption,2008 Jul 29,2
Reventador,Confirmed Eruption,2008 Jul 27,2
Krummel-Garbuna-Welcker,Confirmed Eruption,2008 Jul 13,2
Okmok,Confirmed Eruption,2008 Jul 12,4
Bezymianny,Confirmed Eruption,2008 Jul 11,3
Telica,Confirmed Eruption,2008 Jul 5,1
Rumble III,Confirmed Eruption,2008 Jul 2,0
San Cristobal,Confirmed Eruption,2008 Jun 22,1
Raung,Confirmed Eruption,2008 Jun 12,2
Soputan,Confirmed Eruption,2008 Jun 6,3
"Azul, Cerro",Confirmed Eruption,2008 May 29,1
Ambrym,Confirmed Eruption,2008 May 23,2
Merapi,Uncertain Eruption,2008 May 19,--
Barren Island,Confirmed Eruption,2008 May 13,2
Etna,Confirmed Eruption,2008 May 13,1
Gamalama,Uncertain Eruption,2008 May 10,1
Miyakejima,Confirmed Eruption,2008 May 8,1
Chaiten,Confirmed Eruption,2008 May 2,4
Masaya,Confirmed Eruption,2008 Apr 29,1
Egon,Confirmed Eruption,2008 Apr 15,2
Ibu,Confirmed Eruption,2008 Apr 5,1
Kerinci,Confirmed Eruption,2008 Mar 24,1
Karangetang,Uncertain Eruption,2008 Mar 12,1
Krummel-Garbuna-Welcker,Confirmed Eruption,2008 Mar 11,1
Lopevi,Uncertain Eruption,2008 Feb 24,2
Veniaminof,Confirmed Eruption,2008 Feb 22,1
Asosan,Confirmed Eruption,2008 Feb 17,1
Shishaldin,Uncertain Eruption,2008 Feb 12,1
Monowai,Confirmed Eruption,2008 Feb 8,0
Guagua Pichincha,Uncertain Eruption,2008 Feb 1,1
Poas,Confirmed Eruption,2008 Jan 13,1
Miyakejima,Confirmed Eruption,2008 Jan 7,1
"Huila, Nevado del",Confirmed Eruption,2008 Jan 2,2
Llaima,Confirmed Eruption,2008 Jan 1,3
Ulawun,Uncertain Eruption,2007 Dec 25,1
Talang,Confirmed Eruption,2007 Nov 27,2
Anatahan,Confirmed Eruption,2007 Nov 27,2
Concepcion,Confirmed Eruption,2007 Nov 24,2
San Cristobal,Confirmed Eruption,2007 Nov 8,1
Telica,Confirmed Eruption,2007 Oct 28,1
Krakatau,Confirmed Eruption,2007 Oct 23,2
Kelut,Confirmed Eruption,2007 Oct 16,2
Galeras,Confirmed Eruption,2007 Oct 4,3
"Tair, Jebel at",Confirmed Eruption,2007 Sep 30,3
Ruapehu,Confirmed Eruption,2007 Sep 25,1
Kerinci,Confirmed Eruption,2007 Sep 9,1
Witori,Confirmed Eruption,2007 Aug 28,1
Gamalama,Uncertain Eruption,2007 Aug 23,1
Chikurachki,Confirmed Eruption,2007 Aug 19,2
Pavlof,Confirmed Eruption,2007 Aug 15,2
Manda Hararo,Confirmed Eruption,2007 Aug 12,2
Raung,Confirmed Eruption,2007 Jul 26,2
Gamkonora,Confirmed Eruption,2007 Jul 8,2
Cleveland,Confirmed Eruption,2007 Jun 17,2
Soputan,Confirmed Eruption,2007 Jun 16,3
"Lengai, Ol Doinyo",Confirmed Eruption,2007 Jun 16,3
Telica,Uncertain Eruption,2007 Jun 12,1
Llaima,Confirmed Eruption,2007 May 26,2
Ritter Island,Confirmed Eruption,2007 May 19,1
Bezymianny,Confirmed Eruption,2007 May 10,3
Ulawun,Confirmed Eruption,2007 May 1,2
Lopevi,Confirmed Eruption,2007 Apr 21,2
Kavachi,Confirmed Eruption,2007 Apr 2,1
Ontakesan,Confirmed Eruption,2007 Mar 24,0
Etna,Confirmed Eruption,2007 Mar 19,2
Talang,Confirmed Eruption,2007 Mar 19,2
Reventador,Confirmed Eruption,2007 Mar 15,2
Chikurachki,Confirmed Eruption,2007 Mar 4,2
"Huila, Nevado del",Confirmed Eruption,2007 Feb 19,3
Klyuchevskoy,Confirmed Eruption,2007 Feb 15,2
Concepcion,Confirmed Eruption,2007 Feb 9,1
"Tara, Batu",Confirmed Eruption,2007 Jan 17,2
Karthala,Confirmed Eruption,2007 Jan 12,2
Soputan,Confirmed Eruption,2006 Dec 14,1
Monowai,Confirmed Eruption,2006 Dec 12,0
Telica,Confirmed Eruption,2006 Dec 11,1
Pagan,Confirmed Eruption,2006 Dec 4,1
Nyamuragira,Confirmed Eruption,2006 Nov 27,2
Korovin,Confirmed Eruption,2006 Nov 25,1
Ambrym,Confirmed Eruption,2006 Nov 8,2
Ritter Island,Confirmed Eruption,2006 Oct 17,1
Bulusan,Confirmed Eruption,2006 Oct 10,2
Ruapehu,Confirmed Eruption,2006 Oct 4,1
Dempo,Confirmed Eruption,2006 Sep 25,1
Poas,Confirmed Eruption,2006 Sep 25,1
Fourpeaked,Confirmed Eruption,2006 Sep 17,2
Talang,Confirmed Eruption,2006 Sep 10,1
Concepcion,Confirmed Eruption,2006 Sep 1,2
Miyakejima,Confirmed Eruption,2006 Aug 23,1
Rabaul,Confirmed Eruption,2006 Aug 11,4
Langila,Confirmed Eruption,2006 Aug 9,2
Home Reef,Confirmed Eruption,2006 Aug 7,2
Masaya,Confirmed Eruption,2006 Aug 4,1
Telica,Confirmed Eruption,2006 Aug 4,1
"Fournaise, Piton de la",Confirmed Eruption,2006 Jul 20,1
Etna,Confirmed Eruption,2006 Jul 14,2
Mayon,Confirmed Eruption,2006 Jul 13,1
Karangetang,Confirmed Eruption,2006 Jul 3,1
"Tara, Batu",Uncertain Eruption,2006 Jul 1,1
Kanlaon,Confirmed Eruption,2006 Jun 3,2
Karthala,Confirmed Eruption,2006 May 28,0
Lascar,Confirmed Eruption,2006 Apr 18,3
Bardarbunga,Uncertain Eruption,2006 Apr 16,0
Bezymianny,Confirmed Eruption,2006 Apr 16,3
Ubinas,Confirmed Eruption,2006 Mar 25,2
Poas,Confirmed Eruption,2006 Mar 24,1
Akan,Confirmed Eruption,2006 Mar 21,1
Bulusan,Confirmed Eruption,2006 Mar 21,2
Anatahan,Confirmed Eruption,2006 Mar 20,2
Raoul Island,Confirmed Eruption,2006 Mar 17,1
Merapi,Confirmed Eruption,2006 Mar 16,1
Heard,Confirmed Eruption,2006 Mar 11,0
Pacaya,Confirmed Eruption,2006 Mar 9,3
Veniaminof,Confirmed Eruption,2006 Mar 3,1
Ulawun,Confirmed Eruption,2006 Mar 1,2
Mayon,Confirmed Eruption,2006 Feb 21,1
Miyakejima,Confirmed Eruption,2006 Feb 17,1
Tinakula,Confirmed Eruption,2006 Feb 11,2
Cleveland,Confirmed Eruption,2006 Feb 6,3
Soputan,Confirmed Eruption,2005 Dec 26,1
Ambang,Confirmed Eruption,2005 Dec 22,1
Etna,Confirmed Eruption,2005 Dec 16,1
Augustine,Confirmed Eruption,2005 Dec 9,3
Bezymianny,Confirmed Eruption,2005 Nov 29,2
Ambae,Confirmed Eruption,2005 Nov 27,2
Karthala,Confirmed Eruption,2005 Nov 24,3
Galeras,Confirmed Eruption,2005 Nov 24,2
San Cristobal,Confirmed Eruption,2005 Nov 13,2
Lopevi,Confirmed Eruption,2005 Oct 27,2
"Negra, Sierra",Confirmed Eruption,2005 Oct 22,3
Krummel-Garbuna-Welcker,Confirmed Eruption,2005 Oct 16,2
"Fournaise, Piton de la",Confirmed Eruption,2005 Oct 4,0
Dabbahu,Confirmed Eruption,2005 Sep 26,3
Fukutoku-Oka-no-Ba,Uncertain Eruption,2005 Sep 11,0
Veniaminof,Confirmed Eruption,2005 Sep 7,1
Mayon,Confirmed Eruption,2005 Aug 17,0
Northern EPR at 9.8°N,Confirmed Eruption,2005 Aug 16,0
Concepcion,Confirmed Eruption,2005 Jul 28,2
Raung,Uncertain Eruption,2005 Jul 23,2
Bardarbunga,Uncertain Eruption,2005 Jul 16,0
McDonald Islands,Confirmed Eruption,2005 Jul 12,0
Fukutoku-Oka-no-Ba,Confirmed Eruption,2005 Jul 2,1
Kolokol Group,Uncertain Eruption,2005 Jul 2,1
Santa Ana,Confirmed Eruption,2005 Jun 16,3
Barren Island,Confirmed Eruption,2005 May 26,2
Fernandina,Confirmed Eruption,2005 May 13,2
Lascar,Confirmed Eruption,2005 May 4,3
Langila,Confirmed Eruption,2005 Apr 19,2
Soputan,Confirmed Eruption,2005 Apr 19,2
Karthala,Confirmed Eruption,2005 Apr 16,2
Soufriere Hills,Confirmed Eruption,2005 Apr 15,3
Asosan,Confirmed Eruption,2005 Apr 14,1
Miyakejima,Confirmed Eruption,2005 Apr 12,1
Talang,Confirmed Eruption,2005 Apr 12,2
Ulawun,Confirmed Eruption,2005 Mar 27,2
Cleveland,Confirmed Eruption,2005 Mar 13,2
Chikurachki,Confirmed Eruption,2005 Mar 12,1
Sumisujima,Uncertain Eruption,2005 Mar 8,0
Masaya,Confirmed Eruption,2005 Mar 4,1
Monowai,Confirmed Eruption,2005 Mar 2,0
Korovin,Confirmed Eruption,2005 Feb 23,1
"Fournaise, Piton de la",Confirmed Eruption,2005 Feb 17,0
Egon,Confirmed Eruption,2005 Feb 6,1
Lopevi,Confirmed Eruption,2005 Jan 30,2
Ebeko,Confirmed Eruption,2005 Jan 29,2
Rabaul,Confirmed Eruption,2005 Jan 25,2
Kanlaon,Confirmed Eruption,2005 Jan 25,2
Klyuchevskoy,Confirmed Eruption,2005 Jan 20,2
Popocatepetl,Confirmed Eruption,2005 Jan 9,2
Veniaminof,Confirmed Eruption,2005 Jan 4,2
San Cristobal,Confirmed Eruption,2004 Dec 3,1
Miyakejima,Confirmed Eruption,2004 Nov 30,1
Langila,Confirmed Eruption,2004 Nov 24,2
McDonald Islands,Uncertain Eruption,2004 Nov 14,1
Reventador,Confirmed Eruption,2004 Nov 7,2
Telica,Confirmed Eruption,2004 Nov 5,1
Grimsvotn,Confirmed Eruption,2004 Nov 1,3
Manam,Confirmed Eruption,2004 Oct 24,4
Suwanosejima,Confirmed Eruption,2004 Oct 23,2
Soputan,Confirmed Eruption,2004 Oct 18,3
Rinjani,Confirmed Eruption,2004 Oct 1,2
St. Helens,Confirmed Eruption,2004 Oct 1,2
Lopevi,Confirmed Eruption,2004 Sep 16,2
Klyuchevskoy,Confirmed Eruption,2004 Sep 15,1
Etna,Confirmed Eruption,2004 Sep 7,1
Asamayama,Confirmed Eruption,2004 Sep 1,2
Marapi,Confirmed Eruption,2004 Aug 5,2
Villarrica,Confirmed Eruption,2004 Aug 5,1
Nightingale Island,Confirmed Eruption,2004 Jul 29,0
Chirinkotan,Confirmed Eruption,2004 Jul 20,2
Pacaya,Confirmed Eruption,2004 Jul 19,3
Galeras,Confirmed Eruption,2004 Jul 16,3
Masaya,Uncertain Eruption,2004 Jul 4,1
Korovin,Confirmed Eruption,2004 Jul 4,1
Egon,Confirmed Eruption,2004 Jul 3,2
Marion Island,Confirmed Eruption,2004 Jun 24,1
Kerinci,Confirmed Eruption,2004 Jun 22,2
Tengger Caldera,Confirmed Eruption,2004 Jun 8,2
Ioto,Uncertain Eruption,2004 Jun 6,1
Mayon,Confirmed Eruption,2004 Jun 3,1
Awu,Confirmed Eruption,2004 Jun 2,2
Popocatepetl,Confirmed Eruption,2004 May 26,2
Ibu,Confirmed Eruption,2004 May 16,0
Nyamuragira,Confirmed Eruption,2004 May 8,2
"Fournaise, Piton de la",Confirmed Eruption,2004 May 2,0
Raung,Uncertain Eruption,2004 Apr 15,2
Ulawun,Confirmed Eruption,2004 Apr 12,2
Anatahan,Confirmed Eruption,2004 Apr 12,3
Karangetang,Confirmed Eruption,2004 Apr 2,2
Telica,Confirmed Eruption,2004 Mar 31,1
Tofua,Confirmed Eruption,2004 Mar 19,1
Kavachi,Confirmed Eruption,2004 Mar 15,1
Kikai,Confirmed Eruption,2004 Mar 5,2
Soufriere Hills,Confirmed Eruption,2004 Mar 3,3
Tokachidake,Confirmed Eruption,2004 Feb 25,1
Witori,Uncertain Eruption,2004 Feb 24,1
Shishaldin,Confirmed Eruption,2004 Feb 17,2
Veniaminof,Confirmed Eruption,2004 Feb 16,2
Epi,Confirmed Eruption,2004 Feb 16,2
Etna,Confirmed Eruption,2004 Feb 12,1
Egon,Confirmed Eruption,2004 Jan 29,1
Langila,Confirmed Eruption,2004 Jan 20,2
Bezymianny,Confirmed Eruption,2004 Jan 14,3
Asosan,Confirmed Eruption,2004 Jan 14,1
Lascar,Uncertain Eruption,2003 Dec 9,1
Sumisujima,Uncertain Eruption,2003 Nov 6,0
Kita-Ioto,Uncertain Eruption,2003 Nov 4,0
Manam,Confirmed Eruption,2003 Oct 26,1
Mayon,Uncertain Eruption,2003 Oct 8,0
Masaya,Confirmed Eruption,2003 Sep 22,1
Lokon-Empung,Confirmed Eruption,2003 Sep 12,3
"Chillan, Nevados de",Confirmed Eruption,2003 Aug 29,1
Gamalama,Confirmed Eruption,2003 Jul 31,2
Sabancaya,Confirmed Eruption,2003 Jul 30,2
Bezymianny,Confirmed Eruption,2003 Jul 26,3
Dieng Volcanic Complex,Confirmed Eruption,2003 Jul 16,1
Asosan,Confirmed Eruption,2003 Jul 10,1
NW Rota-1,Confirmed Eruption,2003 Jul 2,0
Leroboleng,Confirmed Eruption,2003 Jun 26,3
San Cristobal,Confirmed Eruption,2003 Jun 17,1
Heard,Confirmed Eruption,2003 Jun 9,0
Lopevi,Confirmed Eruption,2003 Jun 8,3
Northern EPR at 10.7°N,Confirmed Eruption,2003 May 31,0
"Fournaise, Piton de la",Confirmed Eruption,2003 May 30,1
Lewotobi,Confirmed Eruption,2003 May 30,2
Villarrica,Confirmed Eruption,2003 May 23,1
Manam,Confirmed Eruption,2003 May 17,1
Anatahan,Confirmed Eruption,2003 May 10,3
Chikurachki,Confirmed Eruption,2003 Apr 17,2
Guagua Pichincha,Uncertain Eruption,2003 Apr 17,1
Vailulu'u,Confirmed Eruption,2003 Apr 16,0
Ulawun,Confirmed Eruption,2003 Apr 14,2
Monowai,Confirmed Eruption,2003 Apr 10,0
Llaima,Confirmed Eruption,2003 Apr 9,2
Mayon,Confirmed Eruption,2003 Mar 17,2
Kita-Ioto,Uncertain Eruption,2003 Mar 10,0
Etna,Confirmed Eruption,2003 Mar 8,1
Kanlaon,Confirmed Eruption,2003 Mar 7,1
Kikai,Confirmed Eruption,2003 Feb 16,2
Asamayama,Confirmed Eruption,2003 Feb 6,1
Bezymianny,Confirmed Eruption,2002 Dec 25,2
Lokon-Empung,Confirmed Eruption,2002 Dec 23,2
Fukutoku-Oka-no-Ba,Uncertain Eruption,2002 Dec 19,0
Kanlaon,Confirmed Eruption,2002 Nov 28,1
Klyuchevskoy,Confirmed Eruption,2002 Nov 24,2
"Fournaise, Piton de la",Confirmed Eruption,2002 Nov 16,2
Tinakula,Uncertain Eruption,2002 Nov 16,1
Papandayan,Confirmed Eruption,2002 Nov 11,2
Reventador,Confirmed Eruption,2002 Nov 3,4
Monowai,Confirmed Eruption,2002 Nov 1,0
Manam,Confirmed Eruption,2002 Oct 31,2
Etna,Confirmed Eruption,2002 Oct 26,3
Lascar,Confirmed Eruption,2002 Oct 26,2
Telica,Confirmed Eruption,2002 Oct 17,0
Llaima,Confirmed Eruption,2002 Oct 13,1
Lewotobi,Confirmed Eruption,2002 Oct 12,1
Mayon,Confirmed Eruption,2002 Oct 11,1
Guagua Pichincha,Confirmed Eruption,2002 Oct 11,1
Rabaul,Confirmed Eruption,2002 Oct 6,2
Ruang,Confirmed Eruption,2002 Sep 25,4
Veniaminof,Confirmed Eruption,2002 Sep 24,1
Sumisujima,Uncertain Eruption,2002 Sep 4,0
Ulawun,Confirmed Eruption,2002 Aug 22,2
Izu-Torishima,Confirmed Eruption,2002 Aug 12,2
Witori,Confirmed Eruption,2002 Aug 3,3
Ritter Island,Uncertain Eruption,2002 Aug 2,2
Wrangell,Uncertain Eruption,2002 Aug 1,1
Ijen,Uncertain Eruption,2002 Jul 29,1
Nyamuragira,Confirmed Eruption,2002 Jul 25,2
Korovin,Confirmed Eruption,2002 Jul 16,1
Bardarbunga,Uncertain Eruption,2002 Jul 16,0
Raung,Confirmed Eruption,2002 Jun 16,2
Galeras,Confirmed Eruption,2002 Jun 7,1
Pacaya,Confirmed Eruption,2002 May 30,1
San Cristobal,Confirmed Eruption,2002 May 29,1
Langila,Confirmed Eruption,2002 May 25,2
Monowai,Confirmed Eruption,2002 May 24,0
Nyiragongo,Confirmed Eruption,2002 May 17,2
Kikai,Confirmed Eruption,2002 May 11,2
Tinakula,Uncertain Eruption,2002 Apr 16,1
Guagua Pichincha,Confirmed Eruption,2002 Apr 16,1
Klyuchevskoy,Confirmed Eruption,2002 Apr 9,2
Epi,Confirmed Eruption,2002 Mar 16,1
Kita-Ioto,Uncertain Eruption,2002 Feb 28,0
Lokon-Empung,Confirmed Eruption,2002 Feb 9,2
Chikurachki,Confirmed Eruption,2002 Jan 25,2
Nyiragongo,Confirmed Eruption,2002 Jan 17,1
San Miguel,Confirmed Eruption,2002 Jan 16,1
Manam,Confirmed Eruption,2002 Jan 13,3
"Fournaise, Piton de la",Confirmed Eruption,2002 Jan 5,1
Fuego,Confirmed Eruption,2002 Jan 4,3
Etna,Confirmed Eruption,2001 Dec 16,1
Bezymianny,Confirmed Eruption,2001 Dec 10,2
Kick 'em Jenny,Confirmed Eruption,2001 Dec 4,0
Guagua Pichincha,Confirmed Eruption,2001 Nov 26,1
Walvis Ridge at 33°S,Confirmed Eruption,2001 Nov 24,0
Karymsky,Confirmed Eruption,2001 Nov 15,3
Sumisujima,Uncertain Eruption,2001 Oct 31,0
Pacaya,Confirmed Eruption,2001 Oct 31,1
Kita-Fukutokutai,Uncertain Eruption,2001 Oct 30,0
Fukutoku-Oka-no-Ba,Uncertain Eruption,2001 Oct 30,0
Kita-Ioto,Uncertain Eruption,2001 Oct 29,0
Avachinsky,Confirmed Eruption,2001 Oct 5,1
Montagu Island,Confirmed Eruption,2001 Oct 1,1
Unnamed,Confirmed Eruption,2001 Sep 27,2
Talang,Confirmed Eruption,2001 Sep 25,1
Ioto,Confirmed Eruption,2001 Sep 21,1
Ulawun,Confirmed Eruption,2001 Aug 28,2
Bezymianny,Confirmed Eruption,2001 Jul 23,3
Krakatau,Confirmed Eruption,2001 Jul 21,1
Etna,Confirmed Eruption,2001 Jul 17,2
Manam,Confirmed Eruption,2001 Jun 14,2
"Fournaise, Piton de la",Confirmed Eruption,2001 Jun 11,1
Lopevi,Confirmed Eruption,2001 Jun 8,3
Pavlof,Uncertain Eruption,2001 Jun 5,1
Ibu,Confirmed Eruption,2001 May 28,0
Lascar,Uncertain Eruption,2001 May 17,--
Kerinci,Confirmed Eruption,2001 May 12,2
San Cristobal,Confirmed Eruption,2001 May 11,1
McDonald Islands,Confirmed Eruption,2001 May 3,1
Ahyi,Confirmed Eruption,2001 Apr 24,0
Masaya,Confirmed Eruption,2001 Apr 23,1
Marapi,Confirmed Eruption,2001 Apr 13,2
"Fournaise, Piton de la",Confirmed Eruption,2001 Mar 27,1
Whakaari/White Island,Confirmed Eruption,2001 Feb 19,2
Nyamuragira,Confirmed Eruption,2001 Feb 6,2
Cleveland,Confirmed Eruption,2001 Feb 2,3
Telica,Confirmed Eruption,2001 Jan 17,1
Nishinoshima,Uncertain Eruption,2001 Jan 16,0
Ulawun,Confirmed Eruption,2001 Jan 16,3
Inielika,Confirmed Eruption,2001 Jan 11,2
Miyakejima,Confirmed Eruption,2001 Jan 11,2
Mayon,Confirmed Eruption,2001 Jan 8,3
Peuet Sague,Confirmed Eruption,2000 Dec 25,2
Suwanosejima,Confirmed Eruption,2000 Dec 19,3
Tengger Caldera,Confirmed Eruption,2000 Nov 29,2
Sumisujima,Uncertain Eruption,2000 Oct 30,0
Kita-Ioto,Uncertain Eruption,2000 Oct 30,0
Kikai,Confirmed Eruption,2000 Oct 16,1
Ulawun,Confirmed Eruption,2000 Sep 28,4
Hokkaido-Komagatake,Confirmed Eruption,2000 Sep 4,1
Ijen,Uncertain Eruption,2000 Sep 1,1
Kaba,Confirmed Eruption,2000 Aug 22,1
Pacaya,Confirmed Eruption,2000 Aug 16,1
Bardarbunga,Uncertain Eruption,2000 Aug 16,0
Shishaldin,Uncertain Eruption,2000 Aug 11,1
Klyuchevskoy,Confirmed Eruption,2000 Jul 28,2
Fukutoku-Oka-no-Ba,Uncertain Eruption,2000 Jul 26,0
Lascar,Confirmed Eruption,2000 Jul 20,2
Bezymianny,Confirmed Eruption,2000 Jul 18,2
Slamet,Uncertain Eruption,2000 Jul 16,1
Mayon,Confirmed Eruption,2000 Jul 16,2
Raung,Confirmed Eruption,2000 Jul 9,2
Copahue,Confirmed Eruption,2000 Jul 1,2
Mutnovsky,Confirmed Eruption,2000 Jun 30,1
Miyakejima,Confirmed Eruption,2000 Jun 27,3
"Fournaise, Piton de la",Confirmed Eruption,2000 Jun 23,1
Manam,Confirmed Eruption,2000 Jun 3,2
Krakatau,Confirmed Eruption,2000 May 29,1
Cameroon,Confirmed Eruption,2000 May 28,2
Soputan,Confirmed Eruption,2000 May 13,2
Saunders,Confirmed Eruption,2000 May 13,0
Lokon-Empung,Confirmed Eruption,2000 May 10,2
Sabancaya,Confirmed Eruption,2000 Apr 16,2
Toya,Confirmed Eruption,2000 Mar 31,2
Galeras,Confirmed Eruption,2000 Mar 21,1
Mutnovsky,Confirmed Eruption,2000 Mar 17,2
Bezymianny,Confirmed Eruption,2000 Mar 14,2
Marapi,Confirmed Eruption,2000 Mar 11,2
Heard,Confirmed Eruption,2000 Mar 7,2
Whakaari/White Island,Confirmed Eruption,2000 Mar 7,3
Tinakula,Confirmed Eruption,2000 Feb 29,1
Bagana,Confirmed Eruption,2000 Feb 28,2
Hekla,Confirmed Eruption,2000 Feb 26,3
Suwanosejima,Confirmed Eruption,2000 Feb 24,2
"Fournaise, Piton de la",Confirmed Eruption,2000 Feb 14,1
Klyuchevskoy,Confirmed Eruption,2000 Feb 3,2
Nyamuragira,Confirmed Eruption,2000 Jan 27,2
Kita-Ioto,Uncertain Eruption,2000 Jan 25,0
Barren Island,Uncertain Eruption,2000 Jan 16,1
Kikai,Confirmed Eruption,2000 Jan 16,2
Concepcion,Confirmed Eruption,1999 Dec 27,1
Masaya,Confirmed Eruption,1999 Nov 22,1
Kavachi,Confirmed Eruption,1999 Nov 16,1
Ulawun,Confirmed Eruption,1999 Oct 20,1
Moyorodake [Medvezhia],Confirmed Eruption,1999 Oct 7,1
Tungurahua,Confirmed Eruption,1999 Oct 5,3
Shishaldin,Uncertain Eruption,1999 Sep 25,1
Ioto,Confirmed Eruption,1999 Sep 10,1
Fukutoku-Oka-no-Ba,Uncertain Eruption,1999 Sep 8,0
Kita-Ioto,Uncertain Eruption,1999 Sep 7,0
Sheveluch,Confirmed Eruption,1999 Aug 15,4
"Negro, Cerro",Confirmed Eruption,1999 Aug 5,2
Raung,Confirmed Eruption,1999 Jul 30,2
"Fournaise, Piton de la",Confirmed Eruption,1999 Jul 19,1
Katla,Uncertain Eruption,1999 Jul 17,0
Ijen,Confirmed Eruption,1999 Jun 28,1
Mayon,Confirmed Eruption,1999 Jun 22,3
Suwanosejima,Confirmed Eruption,1999 Jun 15,1
Monowai,Confirmed Eruption,1999 Jun 6,0
Iliwerung,Confirmed Eruption,1999 May 22,0
Fuego,Confirmed Eruption,1999 May 21,2
Telica,Confirmed Eruption,1999 May 21,2
Tinakula,Confirmed Eruption,1999 May 16,1
Wrangell,Uncertain Eruption,1999 May 14,1
Slamet,Confirmed Eruption,1999 May 1,1
San Cristobal,Confirmed Eruption,1999 May 1,2
Marapi,Confirmed Eruption,1999 Apr 16,2
East Gakkel Ridge at 85°E,Confirmed Eruption,1999 Apr 5,2
Sheveluch,Confirmed Eruption,1999 Apr 3,2
Lewotobi,Confirmed Eruption,1999 Mar 31,2
Cameroon,Confirmed Eruption,1999 Mar 28,2
Kerinci,Confirmed Eruption,1999 Mar 16,2
Karangetang,Confirmed Eruption,1999 Mar 16,3
Batur,Confirmed Eruption,1999 Mar 15,1
Shishaldin,Confirmed Eruption,1999 Mar 13,3
Peuet Sague,Confirmed Eruption,1999 Mar 9,1
Bezymianny,Confirmed Eruption,1999 Feb 25,2
Kavachi,Confirmed Eruption,1999 Feb 16,1
Krakatau,Confirmed Eruption,1999 Feb 5,2
Klyuchevskoy,Confirmed Eruption,1999 Feb 5,2
Epi,Confirmed Eruption,1999 Feb 1,1
Saunders,Confirmed Eruption,1999 Jan 19,0
Unnamed,Confirmed Eruption,1999 Jan 8,1
Suwanosejima,Confirmed Eruption,1999 Jan 5,1
Ibu,Confirmed Eruption,1998 Dec 18,2
Grimsvotn,Confirmed Eruption,1998 Dec 18,3
Terceira,Confirmed Eruption,1998 Nov 25,0
Planchon-Peteroa,Confirmed Eruption,1998 Nov 18,1
Llaima,Confirmed Eruption,1998 Nov 10,2
Akan,Confirmed Eruption,1998 Nov 9,1
Shishaldin,Confirmed Eruption,1998 Nov 4,1
Kerinci,Confirmed Eruption,1998 Nov 3,2
Sumisujima,Uncertain Eruption,1998 Oct 27,0
Kita-Ioto,Uncertain Eruption,1998 Oct 27,0
Hokkaido-Komagatake,Confirmed Eruption,1998 Oct 25,2
Nyamuragira,Confirmed Eruption,1998 Oct 17,2
Fukutoku-Oka-no-Ba,Uncertain Eruption,1998 Oct 16,0
"Azul, Cerro",Confirmed Eruption,1998 Sep 15,1
Masaya,Confirmed Eruption,1998 Sep 14,1
Whakaari/White Island,Confirmed Eruption,1998 Aug 22,2
Chiginagak,Confirmed Eruption,1998 Aug 13,1
Guagua Pichincha,Confirmed Eruption,1998 Aug 7,3
Klyuchevskoy,Confirmed Eruption,1998 Jul 23,2
Lopevi,Confirmed Eruption,1998 Jul 16,3
Karangetang,Confirmed Eruption,1998 Jul 5,1
Kerinci,Confirmed Eruption,1998 Jul 4,2
Batur,Confirmed Eruption,1998 Jul 4,1
Kavachi,Uncertain Eruption,1998 Jul 2,0
Bezymianny,Confirmed Eruption,1998 Jun 20,0
Sheveluch,Confirmed Eruption,1998 May 30,3
Kita-Ioto,Uncertain Eruption,1998 May 21,0
Korovin,Confirmed Eruption,1998 May 8,3
Kikai,Confirmed Eruption,1998 Apr 25,2
Peuet Sague,Confirmed Eruption,1998 Apr 19,1
Llaima,Confirmed Eruption,1998 Apr 3,2
Niigata-Yakeyama,Confirmed Eruption,1998 Mar 30,1
Whakaari/White Island,Confirmed Eruption,1998 Mar 28,1
"Fournaise, Piton de la",Confirmed Eruption,1998 Mar 9,1
Villarrica,Confirmed Eruption,1998 Feb 24,1
Rincon de la Vieja,Confirmed Eruption,1998 Feb 15,2
Axial Seamount,Confirmed Eruption,1998 Jan 25,0
San Miguel,Confirmed Eruption,1997 Dec 31,1
Monowai,Confirmed Eruption,1997 Dec 15,0
Bezymianny,Confirmed Eruption,1997 Dec 5,3
Colima,Confirmed Eruption,1997 Nov 22,3
Sumisujima,Uncertain Eruption,1997 Nov 21,0
Fukutoku-Oka-no-Ba,Uncertain Eruption,1997 Nov 18,0
Niigata-Yakeyama,Confirmed Eruption,1997 Oct 29,1
Ruapehu,Confirmed Eruption,1997 Oct 9,1
Klyuchevskoy,Confirmed Eruption,1997 Sep 7,1
Alaid,Uncertain Eruption,1997 Aug 23,--
Akita-Yakeyama,Confirmed Eruption,1997 Aug 16,1
Bardarbunga,Uncertain Eruption,1997 Aug 16,0
"Watt, Morne",Confirmed Eruption,1997 Jul 15,1
Kikai,Confirmed Eruption,1997 Jul 2,1
Sangeang Api,Confirmed Eruption,1997 Jul 2,2
Don Joao de Castro Bank,Uncertain Eruption,1997 Jun 27,0
Masaya,Confirmed Eruption,1997 Jun 3,1
Shishaldin,Confirmed Eruption,1997 Jun 2,1
San Cristobal,Confirmed Eruption,1997 May 19,1
Akita-Yakeyama,Confirmed Eruption,1997 May 11,1
Bezymianny,Confirmed Eruption,1997 May 8,3
Cleveland,Confirmed Eruption,1997 May 5,2
Monowai,Confirmed Eruption,1997 Apr 18,0
Raung,Confirmed Eruption,1997 Apr 16,2
Krakatau,Confirmed Eruption,1997 Mar 16,2
Guagua Pichincha,Confirmed Eruption,1997 Mar 16,1
Llaima,Confirmed Eruption,1997 Mar 16,1
Kita-Ioto,Uncertain Eruption,1997 Mar 10,0
Sheveluch,Confirmed Eruption,1997 Mar 8,2
Amukta,Confirmed Eruption,1997 Mar 3,1
Okmok,Confirmed Eruption,1997 Feb 11,3
Kavachi,Confirmed Eruption,1997 Jan 16,1
Dieng Volcanic Complex,Confirmed Eruption,1996 Dec 31,1
Suwanosejima,Confirmed Eruption,1996 Dec 26,1
McDonald Islands,Confirmed Eruption,1996 Dec 16,1
Masaya,Confirmed Eruption,1996 Dec 5,1
Alaid,Confirmed Eruption,1996 Dec 3,2
Nyamuragira,Confirmed Eruption,1996 Dec 1,3
Akan,Confirmed Eruption,1996 Nov 21,1
Klyuchevskoy,Confirmed Eruption,1996 Nov 14,2
Lascar,Confirmed Eruption,1996 Oct 18,2
Karangetang,Confirmed Eruption,1996 Oct 1,1
Grimsvotn,Confirmed Eruption,1996 Sep 30,3
Gareloi,Uncertain Eruption,1996 Sep 27,1
Monowai,Confirmed Eruption,1996 Sep 20,0
Amukta,Confirmed Eruption,1996 Sep 17,1
Villarrica,Confirmed Eruption,1996 Sep 14,1
Pavlof,Confirmed Eruption,1996 Sep 11,2
Adatarayama,Confirmed Eruption,1996 Sep 1,1
Montagu Island,Uncertain Eruption,1996 Sep 1,1
Bardarbunga,Uncertain Eruption,1996 Aug 16,0
Kerinci,Confirmed Eruption,1996 Aug 16,1
Kanlaon,Confirmed Eruption,1996 Aug 10,2
Bezymianny,Confirmed Eruption,1996 Jul 23,0
Krakatau,Confirmed Eruption,1996 Jul 16,2
Gamalama,Confirmed Eruption,1996 Jul 2,2
Galapagos Rift,Confirmed Eruption,1996 Jul 2,0
Pagan,Confirmed Eruption,1996 Jul 2,1
Atka,Discredited Eruption,1996 Jun 29,--
Ruang,Uncertain Eruption,1996 Jun 27,--
Ruapehu,Confirmed Eruption,1996 Jun 16,3
Ambrym,Confirmed Eruption,1996 Jun 16,1
Kanaga,Uncertain Eruption,1996 Jun 11,1
Sorikmarapi,Uncertain Eruption,1996 May 5,--
Poas,Confirmed Eruption,1996 Apr 8,1
Ruapehu,Uncertain Eruption,1996 Mar 21,0
Popocatepetl,Confirmed Eruption,1996 Mar 5,3
Hokkaido-Komagatake,Confirmed Eruption,1996 Mar 5,1
North Gorda Ridge Segment,Confirmed Eruption,1996 Feb 28,0
Loihi,Confirmed Eruption,1996 Feb 25,0
Eastern Gemini Seamount,Confirmed Eruption,1996 Feb 18,1
Unzendake,Confirmed Eruption,1996 Feb 10,2
Sumisujima,Uncertain Eruption,1996 Jan 22,0
Villarrica,Confirmed Eruption,1996 Jan 16,1
Minami-Hiyoshi,Uncertain Eruption,1996 Jan 11,0
Akademia Nauk,Confirmed Eruption,1996 Jan 2,3
Karymsky,Confirmed Eruption,1996 Jan 2,3
Shishaldin,Confirmed Eruption,1995 Dec 23,3
Boomerang Seamount,Confirmed Eruption,1995 Dec 1,0
Rabaul,Confirmed Eruption,1995 Nov 28,2
Monowai,Confirmed Eruption,1995 Nov 27,0
Fukutoku-Oka-no-Ba,Uncertain Eruption,1995 Nov 21,0
Veniaminof,Confirmed Eruption,1995 Nov 15,1
Karangetang,Confirmed Eruption,1995 Nov 9,1
Rincon de la Vieja,Confirmed Eruption,1995 Nov 6,2
Llaima,Confirmed Eruption,1995 Oct 13,2
Ruby,Confirmed Eruption,1995 Oct 11,0
Kujusan,Confirmed Eruption,1995 Oct 11,1
Bezymianny,Confirmed Eruption,1995 Sep 16,3
Copahue,Confirmed Eruption,1995 Sep 16,2
Rinjani,Uncertain Eruption,1995 Sep 12,--
Tengger Caldera,Confirmed Eruption,1995 Sep 9,1
Irruputuncu,Confirmed Eruption,1995 Sep 1,2
Raung,Uncertain Eruption,1995 Aug 15,2
Soufriere Hills,Confirmed Eruption,1995 Jul 18,3
Bardarbunga,Uncertain Eruption,1995 Jul 16,0
Sumisujima,Uncertain Eruption,1995 Jul 5,0
Tinakula,Confirmed Eruption,1995 Jul 2,1
Whakaari/White Island,Confirmed Eruption,1995 Jun 28,1
Kanaga,Confirmed Eruption,1995 Jun 19,2
Lateiki,Confirmed Eruption,1995 Jun 6,2
"Negro, Cerro",Confirmed Eruption,1995 May 29,2
Atka,Uncertain Eruption,1995 May 1,1
Veniaminof,Confirmed Eruption,1995 Apr 17,1
Saunders,Confirmed Eruption,1995 Apr 16,0
Villarrica,Confirmed Eruption,1995 Apr 15,1
Fogo,Confirmed Eruption,1995 Apr 2,2
Raung,Confirmed Eruption,1995 Mar 16,1
Tengger Caldera,Confirmed Eruption,1995 Mar 3,1
Ambae,Confirmed Eruption,1995 Mar 2,2
Yakedake,Confirmed Eruption,1995 Feb 11,1
Makushin,Confirmed Eruption,1995 Jan 30,1
Fernandina,Confirmed Eruption,1995 Jan 25,2
San Miguel,Confirmed Eruption,1995 Jan 12,1
Ruapehu,Confirmed Eruption,1995 Jan 11,3
Vailulu'u,Confirmed Eruption,1995 Jan 9,0
Popocatepetl,Confirmed Eruption,1994 Dec 21,2
Barren Island,Confirmed Eruption,1994 Dec 20,2
Ambrym,Confirmed Eruption,1994 Dec 16,1
Copahue,Confirmed Eruption,1994 Dec 16,2
Irazu,Confirmed Eruption,1994 Dec 8,2
Bulusan,Confirmed Eruption,1994 Nov 27,2
Lascar,Confirmed Eruption,1994 Nov 13,2
Cleveland,Confirmed Eruption,1994 Oct 20,1
Dempo,Confirmed Eruption,1994 Oct 16,1
Villarrica,Confirmed Eruption,1994 Sep 26,1
Rabaul,Confirmed Eruption,1994 Sep 19,4
"Lengai, Ol Doinyo",Confirmed Eruption,1994 Sep 18,1
Klyuchevskoy,Confirmed Eruption,1994 Sep 8,3
Ioto,Confirmed Eruption,1994 Aug 22,1
Batur,Confirmed Eruption,1994 Aug 7,1
Telica,Confirmed Eruption,1994 Jul 31,2
Fukutoku-Oka-no-Ba,Uncertain Eruption,1994 Jul 28,0
Sumisujima,Uncertain Eruption,1994 Jul 27,0
Colima,Confirmed Eruption,1994 Jul 21,1
Lascar,Confirmed Eruption,1994 Jul 20,2
Raung,Confirmed Eruption,1994 Jul 14,1
Bezymianny,Confirmed Eruption,1994 Jul 7,2
Nyamuragira,Confirmed Eruption,1994 Jul 4,2
Nyiragongo,Confirmed Eruption,1994 Jun 23,1
Etna,Confirmed Eruption,1994 Jun 17,3
Rinjani,Confirmed Eruption,1994 Jun 3,3
Cleveland,Confirmed Eruption,1994 May 25,3
Llaima,Confirmed Eruption,1994 May 17,2
Asosan,Confirmed Eruption,1994 May 2,2
"Ruiz, Nevado del",Uncertain Eruption,1994 Apr 23,--
Ulawun,Confirmed Eruption,1994 Apr 19,1
Krakatau,Confirmed Eruption,1994 Mar 19,2
Poas,Confirmed Eruption,1994 Mar 16,2
Ruapehu,Uncertain Eruption,1994 Feb 12,1
Ijen,Confirmed Eruption,1994 Feb 3,1
Sumisujima,Uncertain Eruption,1994 Jan 17,0
Gamalama,Confirmed Eruption,1994 Jan 16,2
Tinguiririca,Uncertain Eruption,1994 Jan 15,2
Kanaga,Confirmed Eruption,1994 Jan 5,2
Lascar,Confirmed Eruption,1993 Dec 17,2
Alcedo,Confirmed Eruption,1993 Dec 5,1
"Ojos del Salado, Nevados",Uncertain Eruption,1993 Nov 14,1
Long Island,Confirmed Eruption,1993 Nov 3,1
Ioto,Uncertain Eruption,1993 Oct 27,1
Bezymianny,Confirmed Eruption,1993 Oct 21,3
Iliwerung,Confirmed Eruption,1993 Sep 15,2
Sumisujima,Uncertain Eruption,1993 Sep 8,0
Shishaldin,Confirmed Eruption,1993 Sep 4,2
Kanlaon,Confirmed Eruption,1993 Aug 25,2
Makushin,Confirmed Eruption,1993 Aug 16,1
Etna,Confirmed Eruption,1993 Aug 3,1
Veniaminof,Confirmed Eruption,1993 Jul 30,2
Ijen,Confirmed Eruption,1993 Jul 3,1
CoAxial Segment,Confirmed Eruption,1993 Jun 26,0
Iliboleng,Confirmed Eruption,1993 Jun 16,1
Masaya,Confirmed Eruption,1993 Jun 16,1
Seguam,Confirmed Eruption,1993 May 28,2
Gamalama,Confirmed Eruption,1993 May 6,2
Tungurahua,Uncertain Eruption,1993 May 6,1
Tofua,Uncertain Eruption,1993 Apr 29,0
Taftan,Uncertain Eruption,1993 Apr 25,--
Raung,Confirmed Eruption,1993 Apr 1,1
Aracar,Uncertain Eruption,1993 Mar 28,2
Guagua Pichincha,Confirmed Eruption,1993 Mar 9,1
Pinatubo,Confirmed Eruption,1993 Feb 16,1
Etna,Confirmed Eruption,1993 Feb 3,1
Mayon,Confirmed Eruption,1993 Feb 2,2
Lascar,Confirmed Eruption,1993 Jan 30,4
Socorro,Confirmed Eruption,1993 Jan 29,0
Dieng Volcanic Complex,Confirmed Eruption,1993 Jan 23,1
Pagan,Confirmed Eruption,1993 Jan 15,2
Galeras,Confirmed Eruption,1993 Jan 14,2
Ulawun,Confirmed Eruption,1993 Jan 12,2
Heard,Confirmed Eruption,1993 Jan 2,2
Seguam,Confirmed Eruption,1992 Dec 27,2
Akutan,Confirmed Eruption,1992 Dec 18,1
McDonald Islands,Confirmed Eruption,1992 Dec 16,0
Fukutoku-Oka-no-Ba,Confirmed Eruption,1992 Nov 10,1
Krakatau,Confirmed Eruption,1992 Nov 7,1
Poas,Confirmed Eruption,1992 Oct 16,0
Klyuchevskoy,Confirmed Eruption,1992 Sep 12,2
Villarrica,Confirmed Eruption,1992 Sep 11,1
"Fournaise, Piton de la",Confirmed Eruption,1992 Aug 27,1
Llaima,Confirmed Eruption,1992 Aug 23,1
Sumisujima,Uncertain Eruption,1992 Aug 5,0
Copahue,Confirmed Eruption,1992 Jul 22,2
Pinatubo,Confirmed Eruption,1992 Jul 9,1
Bogoslof,Confirmed Eruption,1992 Jul 6,3
Spurr,Confirmed Eruption,1992 Jun 27,4
Kanlaon,Confirmed Eruption,1992 Jun 10,2
Heard,Confirmed Eruption,1992 May 29,0
Asosan,Confirmed Eruption,1992 Apr 23,2
Pagan,Confirmed Eruption,1992 Apr 13,1
"Negro, Cerro",Confirmed Eruption,1992 Apr 9,3
Awu,Confirmed Eruption,1992 Apr 7,1
Bezymianny,Confirmed Eruption,1992 Mar 12,2
Akutan,Confirmed Eruption,1992 Mar 8,2
Poas,Confirmed Eruption,1992 Feb 16,1
Minami-Hiyoshi,Uncertain Eruption,1992 Feb 12,0
Ruapehu,Confirmed Eruption,1992 Feb 8,1
Klyuchevskoy,Confirmed Eruption,1992 Jan 25,2
Merapi,Confirmed Eruption,1992 Jan 20,2
Heard,Uncertain Eruption,1992 Jan 17,--
Kanlaon,Confirmed Eruption,1992 Jan 8,1
Etna,Confirmed Eruption,1991 Dec 14,2
Kirishimayama,Confirmed Eruption,1991 Dec 1,1
Northern EPR at 9.8°N,Confirmed Eruption,1991 Dec 1,0
Westdahl,Confirmed Eruption,1991 Nov 29,3
Sumisujima,Uncertain Eruption,1991 Nov 5,0
Iliboleng,Confirmed Eruption,1991 Nov 3,1
Lascar,Confirmed Eruption,1991 Oct 21,2
Marchena,Confirmed Eruption,1991 Sep 25,2
Nyamuragira,Confirmed Eruption,1991 Sep 20,3
Akutan,Confirmed Eruption,1991 Sep 15,2
Arjuno-Welirang,Uncertain Eruption,1991 Sep 13,--
Raung,Confirmed Eruption,1991 Sep 10,2
Villarrica,Confirmed Eruption,1991 Aug 30,2
Bardarbunga,Uncertain Eruption,1991 Aug 12,0
"Hudson, Cerro",Confirmed Eruption,1991 Aug 8,5
"Fournaise, Piton de la",Confirmed Eruption,1991 Jul 19,0
Fukutoku-Oka-no-Ba,Uncertain Eruption,1991 Jul 19,0
Karthala,Confirmed Eruption,1991 Jul 11,2
Ruapehu,Confirmed Eruption,1991 Jul 5,1
Peuet Sague,Confirmed Eruption,1991 Jul 2,2
Karangetang,Confirmed Eruption,1991 Jul 2,2
Lateiki,Confirmed Eruption,1991 Jun 24,0
Gamalama,Uncertain Eruption,1991 Jun 15,1
Soputan,Confirmed Eruption,1991 May 22,2
Lokon-Empung,Confirmed Eruption,1991 May 17,3
Ontakesan,Confirmed Eruption,1991 May 13,0
Lewotobi,Confirmed Eruption,1991 May 11,1
Iliboleng,Confirmed Eruption,1991 May 8,1
Rincon de la Vieja,Confirmed Eruption,1991 May 7,2
Kavachi,Confirmed Eruption,1991 May 4,2
Fernandina,Confirmed Eruption,1991 Apr 19,2
Klyuchevskoy,Confirmed Eruption,1991 Apr 8,2
Pinatubo,Confirmed Eruption,1991 Apr 2,6
Barren Island,Confirmed Eruption,1991 Apr 1,2
Ranakah,Confirmed Eruption,1991 Mar 16,1
Northern EPR at 9.8°N,Confirmed Eruption,1991 Mar 16,0
Hollister Ridge,Uncertain Eruption,1991 Mar 11,0
Poas,Confirmed Eruption,1991 Mar 6,1
Colima,Confirmed Eruption,1991 Mar 1,2
Kanlaon,Confirmed Eruption,1991 Feb 14,2
Planchon-Peteroa,Confirmed Eruption,1991 Feb 9,2
Hekla,Confirmed Eruption,1991 Jan 17,3
Ebeko,Confirmed Eruption,1991 Jan 16,1
Avachinsky,Confirmed Eruption,1991 Jan 13,2
Kerinci,Confirmed Eruption,1990 Dec 31,2
Lascar,Confirmed Eruption,1990 Nov 24,1
Unzendake,Confirmed Eruption,1990 Nov 17,1
St. Helens,Confirmed Eruption,1990 Nov 5,3
Udintsev Transform,Uncertain Eruption,1990 Oct 29,0
Apaneca Range,Discredited Eruption,1990 Oct 13,--
Izu-Oshima,Confirmed Eruption,1990 Oct 4,2
Ambrym,Confirmed Eruption,1990 Sep 16,2
Akutan,Confirmed Eruption,1990 Sep 6,2
Asamayama,Confirmed Eruption,1990 Jul 20,2
Southern EPR-Segment K,Confirmed Eruption,1990 Jul 2,0
Puyehue-Cordon Caulle,Confirmed Eruption,1990 Jul 2,1
Ruapehu,Confirmed Eruption,1990 Jun 17,0
Kiska,Confirmed Eruption,1990 Jun 1,2
Monowai,Confirmed Eruption,1990 May 30,0
Sabancaya,Confirmed Eruption,1990 May 28,3
Gamalama,Confirmed Eruption,1990 Apr 25,3
Pular,Uncertain Eruption,1990 Apr 24,1
Guagua Pichincha,Confirmed Eruption,1990 Apr 16,1
Suwanosejima,Confirmed Eruption,1990 Apr 16,2
Kick 'em Jenny,Confirmed Eruption,1990 Mar 26,0
Pavlof,Confirmed Eruption,1990 Mar 5,2
Llaima,Confirmed Eruption,1990 Feb 25,1
Kelut,Confirmed Eruption,1990 Feb 10,4
Bezymianny,Confirmed Eruption,1990 Jan 29,3
Lewotobi,Confirmed Eruption,1990 Jan 28,1
Akutan,Confirmed Eruption,1990 Jan 26,2
"Fournaise, Piton de la",Confirmed Eruption,1990 Jan 18,0
Raung,Confirmed Eruption,1990 Jan 16,2
Sheveluch,Confirmed Eruption,1990 Jan 10,3
Ruapehu,Confirmed Eruption,1990 Jan 7,1
Galeras,Confirmed Eruption,1990 Jan 7,2
Pacaya,Confirmed Eruption,1990 Jan 4,3
Etna,Confirmed Eruption,1989 Dec 16,3
Irruputuncu,Uncertain Eruption,1989 Dec 16,--
Redoubt,Confirmed Eruption,1989 Dec 14,3
St. Helens,Confirmed Eruption,1989 Dec 7,2
Cleveland,Uncertain Eruption,1989 Oct 25,0
Kanlaon,Confirmed Eruption,1989 Oct 25,2
Supply Reef,Confirmed Eruption,1989 Sep 21,0
Etna,Confirmed Eruption,1989 Sep 11,2
Gareloi,Confirmed Eruption,1989 Aug 17,1
Tinakula,Confirmed Eruption,1989 Aug 16,1
Bezymianny,Confirmed Eruption,1989 Aug 1,2
Sumisujima,Uncertain Eruption,1989 Jul 18,0
Kita-Ioto,Uncertain Eruption,1989 Jul 16,0
Karangetang,Confirmed Eruption,1989 Jul 16,1
Izu-Tobu,Confirmed Eruption,1989 Jul 13,1
Ruapehu,Confirmed Eruption,1989 Jul 1,1
Cameroon,Confirmed Eruption,1989 May 29,1
Etorofu-Yakeyama [Grozny Group],Confirmed Eruption,1989 May 3,2
Nyamuragira,Confirmed Eruption,1989 Apr 24,3
Ambrym,Confirmed Eruption,1989 Apr 24,2
Soputan,Confirmed Eruption,1989 Apr 22,2
Niigata-Yakeyama,Confirmed Eruption,1989 Apr 19,1
Sheveluch,Confirmed Eruption,1989 Apr 7,2
Asosan,Confirmed Eruption,1989 Apr 5,2
Akutan,Confirmed Eruption,1989 Feb 27,2
Masaya,Confirmed Eruption,1989 Feb 20,1
Galeras,Confirmed Eruption,1989 Feb 19,2
Ebeko,Confirmed Eruption,1989 Feb 2,2
Saunders,Confirmed Eruption,1989 Jan 30,0
Sumisujima,Uncertain Eruption,1989 Jan 18,0
Sarychev Peak,Confirmed Eruption,1989 Jan 13,1
Kusatsu-Shiranesan,Uncertain Eruption,1989 Jan 6,1
Ulawun,Confirmed Eruption,1989 Jan 1,2
Kick 'em Jenny,Confirmed Eruption,1988 Dec 29,0
Lonquimay,Confirmed Eruption,1988 Dec 25,3
Tokachidake,Confirmed Eruption,1988 Dec 10,2
Ruapehu,Confirmed Eruption,1988 Dec 8,1
Sheveluch,Confirmed Eruption,1988 Dec 7,2
Etna,Confirmed Eruption,1988 Oct 2,1
Fernandina,Confirmed Eruption,1988 Sep 14,2
Monowai,Confirmed Eruption,1988 Sep 8,0
Pagan,Confirmed Eruption,1988 Aug 24,2
Epi,Uncertain Eruption,1988 Aug 16,0
Makian,Confirmed Eruption,1988 Jul 29,3
Slamet,Confirmed Eruption,1988 Jul 12,1
Northern EPR at 9.8°N,Confirmed Eruption,1988 Jul 2,0
Sabancaya,Confirmed Eruption,1988 Jun 22,1
Kanlaon,Confirmed Eruption,1988 Jun 21,1
Concepcion,Confirmed Eruption,1988 Jun 16,2
Colima,Uncertain Eruption,1988 Jun 15,2
Hunga Tonga-Hunga Ha'apai,Confirmed Eruption,1988 Jun 1,0
Asosan,Confirmed Eruption,1988 May 26,1
Banda Api,Confirmed Eruption,1988 May 9,3
Lokon-Empung,Confirmed Eruption,1988 Apr 21,1
Akutan,Confirmed Eruption,1988 Mar 26,2
Ruapehu,Confirmed Eruption,1988 Mar 20,1
Myojinsho,Uncertain Eruption,1988 Mar 18,0
Bulusan,Confirmed Eruption,1988 Feb 20,2
Pagan,Uncertain Eruption,1988 Feb 16,--
Krakatau,Confirmed Eruption,1988 Feb 14,2
Gamalama,Confirmed Eruption,1988 Feb 12,2
Ambrym,Confirmed Eruption,1988 Feb 12,3
Kita-Fukutokutai,Uncertain Eruption,1988 Jan 27,1
Kikai,Confirmed Eruption,1988 Jan 18,1
Suwanosejima,Confirmed Eruption,1988 Jan 16,2
Akan,Confirmed Eruption,1988 Jan 5,1
Nyamuragira,Confirmed Eruption,1987 Dec 30,1
Ranakah,Confirmed Eruption,1987 Dec 28,3
Tupungatito,Confirmed Eruption,1987 Nov 28,2
Lascar,Confirmed Eruption,1987 Nov 16,3
Telica,Confirmed Eruption,1987 Nov 16,1
San Cristobal,Uncertain Eruption,1987 Nov 16,--
Izu-Oshima,Confirmed Eruption,1987 Nov 16,2
Carlisle,Uncertain Eruption,1987 Nov 16,--
Myojinsho,Uncertain Eruption,1987 Oct 21,0
Ebeko,Confirmed Eruption,1987 Oct 14,1
Iliboleng,Confirmed Eruption,1987 Oct 2,2
Fukutoku-Oka-no-Ba,Uncertain Eruption,1987 Sep 4,0
Pagan,Confirmed Eruption,1987 Sep 4,1
Amukta,Confirmed Eruption,1987 Sep 4,1
Gareloi,Confirmed Eruption,1987 Sep 4,1
Ruapehu,Confirmed Eruption,1987 Aug 24,1
Kita-Ioto,Uncertain Eruption,1987 Aug 16,0
Sabancaya,Uncertain Eruption,1987 Aug 7,2
Deception Island,Uncertain Eruption,1987 Jul 23,--
Fukutoku-Oka-no-Ba,Confirmed Eruption,1987 Jul 14,0
Colima,Confirmed Eruption,1987 Jul 2,1
Cleveland,Confirmed Eruption,1987 Jun 19,3
Poas,Confirmed Eruption,1987 Jun 16,2
Macdonald,Confirmed Eruption,1987 Jun 4,0
Esmeralda Bank,Uncertain Eruption,1987 May 26,0
Raung,Confirmed Eruption,1987 May 16,1
Niigata-Yakeyama,Confirmed Eruption,1987 Apr 25,1
Kiska,Uncertain Eruption,1987 Apr 15,--
Semisopochnoi,Confirmed Eruption,1987 Apr 13,2
Gamkonora,Confirmed Eruption,1987 Apr 13,1
Rincon de la Vieja,Confirmed Eruption,1987 Apr 1,1
Kanlaon,Confirmed Eruption,1987 Mar 30,1
Raoul Island,Uncertain Eruption,1987 Mar 25,0
Veniaminof,Confirmed Eruption,1987 Mar 19,1
Iliamna,Discredited Eruption,1987 Mar 19,--
Great Sitkin,Uncertain Eruption,1987 Mar 18,--
Kupreanof,Confirmed Eruption,1987 Mar 10,1
Etna,Confirmed Eruption,1987 Mar 8,2
Korovin,Confirmed Eruption,1987 Mar 4,2
Makushin,Confirmed Eruption,1987 Mar 2,1
Masaya,Confirmed Eruption,1987 Feb 15,1
Akutan,Confirmed Eruption,1987 Jan 31,2
Marapi,Confirmed Eruption,1987 Jan 15,2
Fuego,Confirmed Eruption,1987 Jan 5,1
Rincon de la Vieja,Confirmed Eruption,1986 Dec 31,1
Sabancaya,Confirmed Eruption,1986 Dec 16,1
Bezymianny,Confirmed Eruption,1986 Dec 5,3
Bardarbunga,Uncertain Eruption,1986 Nov 29,0
Klyuchevskoy,Confirmed Eruption,1986 Nov 27,4
Okmok,Confirmed Eruption,1986 Nov 18,2
Chikurachki,Confirmed Eruption,1986 Nov 18,4
Izu-Oshima,Confirmed Eruption,1986 Nov 15,3
Ambrym,Confirmed Eruption,1986 Nov 13,2
Etna,Confirmed Eruption,1986 Oct 30,2
Myojinsho,Uncertain Eruption,1986 Oct 24,0
Chirinkotan,Confirmed Eruption,1986 Oct 11,1
Merapi,Confirmed Eruption,1986 Oct 10,2
Loihi,Uncertain Eruption,1986 Sep 20,0
Lascar,Confirmed Eruption,1986 Sep 14,3
Sarychev Peak,Confirmed Eruption,1986 Sep 1,1
Oku Volcanic Field,Uncertain Eruption,1986 Aug 21,--
Cleft Segment,Confirmed Eruption,1986 Aug 16,0
Dieng Volcanic Complex,Confirmed Eruption,1986 Aug 6,1
Talang,Uncertain Eruption,1986 Jul 16,1
Nyamuragira,Confirmed Eruption,1986 Jul 16,2
Kavachi,Confirmed Eruption,1986 Jul 5,1
Sorikmarapi,Confirmed Eruption,1986 Jul 5,1
Peuet Sague,Confirmed Eruption,1986 Jul 2,2
CoAxial Segment,Confirmed Eruption,1986 Jul 2,0
Nishinoshima,Uncertain Eruption,1986 Jul 2,0
Kaitoku Seamount,Uncertain Eruption,1986 Jun 18,0
Monowai,Confirmed Eruption,1986 Jun 16,0
Rumble III,Confirmed Eruption,1986 Jun 15,0
Klyuchevskoy,Confirmed Eruption,1986 Jun 8,2
Kanlaon,Confirmed Eruption,1986 Jun 3,2
Iliboleng,Confirmed Eruption,1986 May 28,1
Alaid,Confirmed Eruption,1986 May 25,2
Korovin,Uncertain Eruption,1986 May 23,1
Macdonald,Confirmed Eruption,1986 May 16,0
Cleveland,Confirmed Eruption,1986 Apr 28,2
Makushin,Discredited Eruption,1986 Apr 28,--
Pavlof,Confirmed Eruption,1986 Apr 16,3
Fukutoku-Oka-no-Ba,Uncertain Eruption,1986 Apr 7,0
Sheveluch,Confirmed Eruption,1986 Mar 28,3
Augustine,Confirmed Eruption,1986 Mar 27,4
Bezymianny,Confirmed Eruption,1986 Mar 26,2
Lokon-Empung,Confirmed Eruption,1986 Mar 22,2
Shishaldin,Confirmed Eruption,1986 Mar 19,2
Akutan,Confirmed Eruption,1986 Mar 18,2
Etna,Confirmed Eruption,1986 Mar 16,2
Tacana,Confirmed Eruption,1986 Feb 16,1
Ruapehu,Confirmed Eruption,1986 Feb 8,1
Whakaari/White Island,Confirmed Eruption,1986 Feb 1,3
Tupungatito,Confirmed Eruption,1986 Jan 20,1
Fukutoku-Oka-no-Ba,Confirmed Eruption,1986 Jan 18,2
Etna,Confirmed Eruption,1985 Dec 19,1
Cleveland,Uncertain Eruption,1985 Dec 10,1
Kavachi,Confirmed Eruption,1985 Dec 9,1
Nishinoshima,Uncertain Eruption,1985 Dec 2,0
Concepcion,Confirmed Eruption,1985 Dec 2,1
Guallatiri,Uncertain Eruption,1985 Dec 1,--
Ulawun,Confirmed Eruption,1985 Nov 17,3
San Miguel,Confirmed Eruption,1985 Nov 16,1
Ruapehu,Confirmed Eruption,1985 Nov 15,1
Tangkuban Parahu,Uncertain Eruption,1985 Nov 15,1
Kanlaon,Confirmed Eruption,1985 Oct 5,1
Suwanosejima,Confirmed Eruption,1985 Sep 16,2
Rincon de la Vieja,Confirmed Eruption,1985 Sep 16,1
"Ruiz, Nevado del",Confirmed Eruption,1985 Sep 11,3
San Cristobal,Uncertain Eruption,1985 Sep 2,--
Supply Reef,Uncertain Eruption,1985 Sep 2,0
Raung,Confirmed Eruption,1985 Aug 23,2
Klyuchevskoy,Confirmed Eruption,1985 Aug 16,3
Sangeang Api,Confirmed Eruption,1985 Jul 30,3
Colima,Confirmed Eruption,1985 Jul 2,1
"Misti, El",Confirmed Eruption,1985 Jul 2,1
Hudson Mountains,Uncertain Eruption,1985 Jul 2,--
Tokachidake,Confirmed Eruption,1985 Jun 19,1
"Fournaise, Piton de la",Confirmed Eruption,1985 Jun 14,1
Bezymianny,Confirmed Eruption,1985 Jun 12,3
Sheveluch,Confirmed Eruption,1985 May 26,2
Ruapehu,Confirmed Eruption,1985 May 21,1
Soputan,Confirmed Eruption,1985 May 19,2
Guagua Pichincha,Confirmed Eruption,1985 May 16,1
Karymsky,Discredited Eruption,1985 May 3,--
Niuafo'ou,Confirmed Eruption,1985 Mar 21,0
Kanlaon,Confirmed Eruption,1985 Mar 13,1
Etna,Confirmed Eruption,1985 Mar 8,1
Paluweh,Confirmed Eruption,1985 Feb 3,1
Heard,Confirmed Eruption,1985 Jan 14,2
Teahitia,Confirmed Eruption,1985 Jan 10,0
Jan Mayen,Confirmed Eruption,1985 Jan 6,0
Ulawun,Confirmed Eruption,1984 Dec 30,1
Kaitoku Seamount,Uncertain Eruption,1984 Dec 23,0
"Ruiz, Nevado del",Confirmed Eruption,1984 Dec 22,1
Concepcion,Confirmed Eruption,1984 Dec 16,2
Lascar,Confirmed Eruption,1984 Dec 16,0
Veniaminof,Confirmed Eruption,1984 Nov 29,2
Marapi,Confirmed Eruption,1984 Nov 15,1
Loihi,Uncertain Eruption,1984 Nov 11,0
Ruapehu,Confirmed Eruption,1984 Oct 25,1
Suwanosejima,Confirmed Eruption,1984 Oct 16,2
Mayon,Confirmed Eruption,1984 Sep 9,3
Krafla,Confirmed Eruption,1984 Sep 4,0
Ulawun,Confirmed Eruption,1984 Aug 23,1
Grimsvotn,Uncertain Eruption,1984 Aug 20,0
Villarrica,Confirmed Eruption,1984 Aug 11,2
Gorely,Confirmed Eruption,1984 Aug 4,2
Etna,Confirmed Eruption,1984 Jul 20,3
Cleveland,Confirmed Eruption,1984 Jul 12,1
Ambrym,Confirmed Eruption,1984 Jul 2,2
Lokon-Empung,Uncertain Eruption,1984 Jun 5,1
Tinakula,Confirmed Eruption,1984 Jun 3,2
Soputan,Confirmed Eruption,1984 May 24,3
Tengger Caldera,Confirmed Eruption,1984 May 12,1
Paluweh,Confirmed Eruption,1984 May 9,2
Akan,Confirmed Eruption,1984 May 1,1
Etna,Confirmed Eruption,1984 Apr 28,1
Llaima,Confirmed Eruption,1984 Apr 20,2
Asosan,Confirmed Eruption,1984 Apr 13,1
Ruapehu,Confirmed Eruption,1984 Apr 2,1
Rincon de la Vieja,Confirmed Eruption,1984 Mar 31,2
Fernandina,Confirmed Eruption,1984 Mar 30,1
Mauna Loa,Confirmed Eruption,1984 Mar 25,0
Sheveluch,Confirmed Eruption,1984 Mar 17,2
Klyuchevskoy,Confirmed Eruption,1984 Mar 10,3
Kaitoku Seamount,Confirmed Eruption,1984 Mar 8,0
Home Reef,Confirmed Eruption,1984 Mar 1,3
Nyamuragira,Confirmed Eruption,1984 Feb 23,2
Bezymianny,Confirmed Eruption,1984 Feb 5,3
Galunggung,Confirmed Eruption,1984 Jan 9,1
Whakaari/White Island,Confirmed Eruption,1983 Dec 26,2
Tengger Caldera,Confirmed Eruption,1983 Dec 21,1
Teahitia,Confirmed Eruption,1983 Dec 18,0
"Fournaise, Piton de la",Confirmed Eruption,1983 Dec 4,2
Pavlof,Confirmed Eruption,1983 Nov 11,3
Ulawun,Confirmed Eruption,1983 Nov 6,1
Macdonald,Confirmed Eruption,1983 Oct 27,0
Villarrica,Confirmed Eruption,1983 Oct 14,1
Miyakejima,Confirmed Eruption,1983 Oct 3,3
Tangkuban Parahu,Confirmed Eruption,1983 Sep 14,1
Iliwerung,Confirmed Eruption,1983 Aug 17,1
Gamalama,Confirmed Eruption,1983 Aug 9,3
Kusatsu-Shiranesan,Confirmed Eruption,1983 Jul 26,1
Colo,Confirmed Eruption,1983 Jul 18,4
Asosan,Confirmed Eruption,1983 Jul 16,1
Kita-Ioto,Uncertain Eruption,1983 Jul 16,0
Teahitia,Confirmed Eruption,1983 Jul 12,0
Pavlof,Confirmed Eruption,1983 Jul 11,2
Okmok,Confirmed Eruption,1983 Jul 8,2
Nishinoshima,Uncertain Eruption,1983 Jul 2,0
Marapi,Confirmed Eruption,1983 Jul 2,1
Ambrym,Confirmed Eruption,1983 Jul 2,2
Bulusan,Confirmed Eruption,1983 Jun 25,2
Veniaminof,Confirmed Eruption,1983 Jun 2,3
Grimsvotn,Confirmed Eruption,1983 May 28,2
Karangetang,Confirmed Eruption,1983 May 16,3
Myojinsho,Uncertain Eruption,1983 May 12,0
Iliboleng,Confirmed Eruption,1983 May 11,2
Tengger Caldera,Uncertain Eruption,1983 Apr 15,1
Niigata-Yakeyama,Confirmed Eruption,1983 Apr 14,1
Asamayama,Confirmed Eruption,1983 Apr 8,2
Etna,Confirmed Eruption,1983 Mar 28,1
Concepcion,Confirmed Eruption,1983 Mar 16,2
Macdonald,Confirmed Eruption,1983 Mar 14,0
Hunter Island,Discredited Eruption,1983 Mar 9,--
Colima,Uncertain Eruption,1983 Feb 11,1
Rincon de la Vieja,Confirmed Eruption,1983 Feb 6,1
Kilauea,Confirmed Eruption,1983 Jan 3,3
"Lengai, Ol Doinyo",Confirmed Eruption,1983 Jan 1,2
Marapi,Confirmed Eruption,1982 Dec 16,1
Fukujin,Uncertain Eruption,1982 Dec 15,0
Ioto,Confirmed Eruption,1982 Nov 28,1
Chirpoi,Confirmed Eruption,1982 Nov 22,2
Iliboleng,Confirmed Eruption,1982 Nov 17,2
Kusatsu-Shiranesan,Confirmed Eruption,1982 Oct 26,1
Lopevi,Confirmed Eruption,1982 Oct 24,2
Cameroon,Confirmed Eruption,1982 Oct 16,2
Klyuchevskoy,Confirmed Eruption,1982 Oct 7,2
Akutan,Confirmed Eruption,1982 Oct 5,2
Asamayama,Confirmed Eruption,1982 Oct 2,1
Kilauea,Confirmed Eruption,1982 Sep 25,0
Wolf,Confirmed Eruption,1982 Aug 28,1
Soputan,Confirmed Eruption,1982 Aug 26,3
Myojinsho,Uncertain Eruption,1982 Aug 10,0
Raung,Confirmed Eruption,1982 Jul 18,3
Pavlof,Uncertain Eruption,1982 Jul 15,1
Cleft Segment,Confirmed Eruption,1982 Jul 2,0
Karangetang,Confirmed Eruption,1982 Jul 2,1
Whakaari/White Island,Discredited Eruption,1982 Jul 1,--
Nyiragongo,Confirmed Eruption,1982 Jun 21,1
Kita-Ioto,Uncertain Eruption,1982 Jun 16,0
Monowai,Confirmed Eruption,1982 May 16,0
Kilauea,Confirmed Eruption,1982 Apr 30,0
Asamayama,Confirmed Eruption,1982 Apr 26,2
Gaua,Confirmed Eruption,1982 Apr 18,2
Nishinoshima,Uncertain Eruption,1982 Apr 16,0
Kavachi,Confirmed Eruption,1982 Apr 7,2
Esmeralda Bank,Uncertain Eruption,1982 Apr 6,0
Galunggung,Confirmed Eruption,1982 Apr 5,4
Alaid,Confirmed Eruption,1982 Mar 29,2
"Chichon, El",Confirmed Eruption,1982 Mar 28,5
Klyuchevskoy,Confirmed Eruption,1982 Mar 24,1
Teahitia,Confirmed Eruption,1982 Mar 16,0
Marapi,Confirmed Eruption,1982 Mar 10,1
Ioto,Confirmed Eruption,1982 Mar 9,1
Macdonald,Confirmed Eruption,1982 Mar 1,0
Chachadake [Tiatia],Uncertain Eruption,1982 Feb 10,1
Gareloi,Confirmed Eruption,1982 Jan 15,3
Concepcion,Confirmed Eruption,1982 Jan 15,2
Fukujin,Uncertain Eruption,1982 Jan 12,0
Nyamuragira,Confirmed Eruption,1981 Dec 25,3
Klyuchevskoy,Uncertain Eruption,1981 Dec 21,--
Etna,Confirmed Eruption,1981 Nov 26,2
Alaid,Confirmed Eruption,1981 Nov 25,2
Telica,Confirmed Eruption,1981 Nov 25,2
Krafla,Confirmed Eruption,1981 Nov 18,0
Ruapehu,Confirmed Eruption,1981 Oct 25,1
Pavlof,Confirmed Eruption,1981 Sep 25,3
Shishaldin,Uncertain Eruption,1981 Sep 25,--
Kavachi,Uncertain Eruption,1981 Sep 15,0
Guagua Pichincha,Confirmed Eruption,1981 Aug 31,1
Fernandina,Confirmed Eruption,1981 Aug 1,0
Gaua,Confirmed Eruption,1981 Jul 9,1
Dieng Volcanic Complex,Confirmed Eruption,1981 Jul 2,1
Asosan,Confirmed Eruption,1981 Jun 15,1
Bezymianny,Confirmed Eruption,1981 Jun 12,3
Chachadake [Tiatia],Confirmed Eruption,1981 Jun 10,2
Okataina,Confirmed Eruption,1981 May 16,1
Pagan,Confirmed Eruption,1981 May 15,4
Alaid,Confirmed Eruption,1981 Apr 27,4
Krakatau,Confirmed Eruption,1981 Apr 24,1
Bulusan,Confirmed Eruption,1981 Apr 9,3
Hekla,Confirmed Eruption,1981 Apr 9,2
Pavlof,Confirmed Eruption,1981 Mar 30,1
Okmok,Confirmed Eruption,1981 Mar 24,3
Etna,Confirmed Eruption,1981 Mar 17,2
Poas,Confirmed Eruption,1981 Mar 16,1
Mehetia,Uncertain Eruption,1981 Mar 5,0
Gamkonora,Confirmed Eruption,1981 Mar 4,1
Shikotsu,Confirmed Eruption,1981 Feb 27,1
Ambrym,Confirmed Eruption,1981 Feb 20,2
Telica,Confirmed Eruption,1981 Feb 16,1
"Fournaise, Piton de la",Confirmed Eruption,1981 Feb 3,2
Krafla,Confirmed Eruption,1981 Jan 30,0
Etna,Confirmed Eruption,1981 Jan 26,2
Klyuchevskoy,Confirmed Eruption,1981 Jan 25,1
Fukujin,Uncertain Eruption,1981 Jan 7,0
Poas,Confirmed Eruption,1980 Dec 26,1
Myojinsho,Uncertain Eruption,1980 Nov 15,0
Macdonald,Confirmed Eruption,1980 Nov 10,0
Pavlof,Confirmed Eruption,1980 Nov 8,3
Paluweh,Confirmed Eruption,1980 Nov 5,2
Ruapehu,Confirmed Eruption,1980 Oct 18,1
Callaqui,Confirmed Eruption,1980 Oct 16,1
Kavachi,Confirmed Eruption,1980 Oct 7,1
Ulawun,Confirmed Eruption,1980 Oct 6,3
Kuchinoerabujima,Confirmed Eruption,1980 Sep 28,2
Asosan,Confirmed Eruption,1980 Sep 24,1
Marion Island,Confirmed Eruption,1980 Sep 16,1
Poas,Confirmed Eruption,1980 Sep 12,1
Gamalama,Confirmed Eruption,1980 Sep 4,2
Sheveluch,Confirmed Eruption,1980 Aug 23,1
Bezymianny,Confirmed Eruption,1980 Aug 21,2
Kuwae,Uncertain Eruption,1980 Aug 20,0
Hekla,Confirmed Eruption,1980 Aug 17,3
Kanlaon,Confirmed Eruption,1980 Aug 8,2
Gareloi,Confirmed Eruption,1980 Aug 7,3
Etna,Confirmed Eruption,1980 Jul 8,3
Nishinoshima,Uncertain Eruption,1980 Jul 7,0
Pavlof,Confirmed Eruption,1980 Jul 6,1
Akutan,Confirmed Eruption,1980 Jul 3,2
Gaua,Confirmed Eruption,1980 Jul 2,1
Villarrica,Confirmed Eruption,1980 Jun 20,2
Seal Nunataks Group,Uncertain Eruption,1980 Jun 15,--
Gorely,Confirmed Eruption,1980 Jun 15,3
Tengger Caldera,Confirmed Eruption,1980 Jun 5,2
Ekarma,Confirmed Eruption,1980 May 24,1
Ambrym,Confirmed Eruption,1980 May 16,3
Makushin,Confirmed Eruption,1980 May 1,1
Bezymianny,Confirmed Eruption,1980 Apr 18,3
Lopevi,Confirmed Eruption,1980 Apr 15,3
Marapi,Confirmed Eruption,1980 Mar 29,1
St. Helens,Confirmed Eruption,1980 Mar 27,5
Karangetang,Confirmed Eruption,1980 Mar 24,1
Krafla,Confirmed Eruption,1980 Mar 16,0
Krakatau,Confirmed Eruption,1980 Mar 15,2
Ioto,Confirmed Eruption,1980 Mar 13,1
Kilauea,Confirmed Eruption,1980 Mar 11,0
Macdonald,Confirmed Eruption,1980 Feb 12,0
Nyamuragira,Confirmed Eruption,1980 Jan 30,3
Monowai,Confirmed Eruption,1980 Jan 16,0
Ruapehu,Confirmed Eruption,1980 Jan 15,1
Tupungatito,Confirmed Eruption,1980 Jan 10,2
Karkar,Uncertain Eruption,1980 Jan 7,1
Bulusan,Confirmed Eruption,1979 Dec 27,3
Kilauea,Confirmed Eruption,1979 Nov 16,0
Ahyi,Uncertain Eruption,1979 Nov 15,0
"Negra, Sierra",Confirmed Eruption,1979 Nov 13,3
Ontakesan,Confirmed Eruption,1979 Oct 28,2
Llaima,Confirmed Eruption,1979 Oct 15,2
Macdonald,Confirmed Eruption,1979 Sep 30,0
Bezymianny,Confirmed Eruption,1979 Sep 18,2
Kuwae,Uncertain Eruption,1979 Sep 16,0
Poas,Confirmed Eruption,1979 Sep 8,1
Etna,Confirmed Eruption,1979 Jul 16,3
Krakatau,Confirmed Eruption,1979 Jul 15,2
Myojinsho,Uncertain Eruption,1979 Jul 13,0
Nikko,Uncertain Eruption,1979 Jul 12,0
Etna,Confirmed Eruption,1979 Jul 3,2
Epi,Confirmed Eruption,1979 Jul 2,0
Lopevi,Confirmed Eruption,1979 Jul 2,2
Peuet Sague,Confirmed Eruption,1979 Jul 2,2
Ruapehu,Confirmed Eruption,1979 Jun 30,1
Ambrym,Confirmed Eruption,1979 Jun 6,2
Asosan,Confirmed Eruption,1979 Jun 5,2
Karangetang,Confirmed Eruption,1979 May 31,1
"Fournaise, Piton de la",Confirmed Eruption,1979 May 28,1
Curacoa,Confirmed Eruption,1979 May 14,1
Lateiki,Confirmed Eruption,1979 May 10,2
Fukujin,Uncertain Eruption,1979 Apr 26,0
Chirinkotan,Confirmed Eruption,1979 Apr 16,2
Carran-Los Venados,Confirmed Eruption,1979 Apr 14,2
Soufriere St. Vincent,Confirmed Eruption,1979 Apr 13,3
Arenales,Confirmed Eruption,1979 Mar 8,1
Lautaro,Confirmed Eruption,1979 Mar 8,2
Dieng Volcanic Complex,Confirmed Eruption,1979 Feb 20,1
Kirishimayama,Confirmed Eruption,1979 Feb 16,1
Monowai,Confirmed Eruption,1979 Feb 16,1
Shishaldin,Confirmed Eruption,1979 Feb 16,2
Bezymianny,Confirmed Eruption,1979 Feb 11,3
Westdahl,Uncertain Eruption,1979 Feb 8,3
"Azul, Cerro",Confirmed Eruption,1979 Jan 29,2
Ambrym,Confirmed Eruption,1979 Jan 26,2
Karkar,Confirmed Eruption,1979 Jan 12,2
Shikotsu,Confirmed Eruption,1978 Dec 12,1
Ioto,Confirmed Eruption,1978 Dec 11,1
Lopevi,Confirmed Eruption,1978 Nov 22,2
Nishinoshima,Uncertain Eruption,1978 Nov 16,0
Iliamna,Discredited Eruption,1978 Nov 7,--
Ardoukoba,Confirmed Eruption,1978 Nov 7,1
Akutan,Confirmed Eruption,1978 Sep 25,2
Poas,Confirmed Eruption,1978 Sep 22,1
Bezymianny,Confirmed Eruption,1978 Sep 8,2
Fukujin,Uncertain Eruption,1978 Aug 24,0
Fernandina,Confirmed Eruption,1978 Aug 8,2
Bulusan,Confirmed Eruption,1978 Jul 29,2
Chachadake [Tiatia],Confirmed Eruption,1978 Jul 20,2
Krakatau,Confirmed Eruption,1978 Jul 10,1
Kanlaon,Confirmed Eruption,1978 Jun 27,2
Kavachi,Confirmed Eruption,1978 Jun 21,2
Lautaro,Confirmed Eruption,1978 Jun 16,1
Shikotsu,Confirmed Eruption,1978 May 14,1
Ulawun,Confirmed Eruption,1978 May 7,3
Etna,Confirmed Eruption,1978 Apr 29,2
Concepcion,Confirmed Eruption,1978 Mar 30,2
Mayon,Confirmed Eruption,1978 Mar 7,2
Okataina,Confirmed Eruption,1978 Feb 23,1
Karangetang,Confirmed Eruption,1978 Feb 22,1
Monowai,Confirmed Eruption,1978 Feb 16,0
Shishaldin,Confirmed Eruption,1978 Feb 8,2
Westdahl,Confirmed Eruption,1978 Feb 4,3
Minami-Hiyoshi,Uncertain Eruption,1978 Jan 26,0
Raung,Confirmed Eruption,1978 Jan 16,1
Didicas,Confirmed Eruption,1978 Jan 6,2
Poas,Confirmed Eruption,1977 Dec 18,2
Colima,Confirmed Eruption,1977 Dec 16,1
Macdonald,Confirmed Eruption,1977 Dec 10,0
Azumayama,Confirmed Eruption,1977 Dec 7,1
Mahawu,Confirmed Eruption,1977 Nov 16,0
Kick 'em Jenny,Confirmed Eruption,1977 Nov 11,0
"Fournaise, Piton de la",Confirmed Eruption,1977 Oct 24,1
Monowai,Confirmed Eruption,1977 Oct 17,0
Sumisujima,Uncertain Eruption,1977 Oct 16,0
San Cristobal,Confirmed Eruption,1977 Oct 16,2
Fukujin,Uncertain Eruption,1977 Oct 14,0
Taal,Confirmed Eruption,1977 Oct 3,2
Kilauea,Confirmed Eruption,1977 Sep 13,0
Fuego,Confirmed Eruption,1977 Sep 11,2
Ambrym,Confirmed Eruption,1977 Aug 16,2
Toya,Confirmed Eruption,1977 Aug 7,3
Klyuchevskoy,Confirmed Eruption,1977 Aug 2,3
Kavachi,Confirmed Eruption,1977 Jul 17,1
Ruapehu,Confirmed Eruption,1977 Jul 16,2
Tongariro,Confirmed Eruption,1977 Jul 4,1
Raung,Confirmed Eruption,1977 Jun 9,2
Poas,Confirmed Eruption,1977 May 16,1
Krafla,Confirmed Eruption,1977 Apr 27,1
Monowai,Confirmed Eruption,1977 Apr 16,0
Gaua,Confirmed Eruption,1977 Apr 13,2
Asosan,Confirmed Eruption,1977 Apr 11,2
Karthala,Confirmed Eruption,1977 Apr 5,1
Concepcion,Confirmed Eruption,1977 Apr 4,2
Ukinrek Maars,Confirmed Eruption,1977 Mar 30,3
Bezymianny,Confirmed Eruption,1977 Mar 25,3
"Fournaise, Piton de la",Confirmed Eruption,1977 Mar 24,0
Fernandina,Confirmed Eruption,1977 Mar 23,1
Purace,Confirmed Eruption,1977 Mar 19,2
Seguam,Confirmed Eruption,1977 Mar 6,1
Fuego,Confirmed Eruption,1977 Mar 3,1
Irazu,Confirmed Eruption,1977 Mar 3,1
Kavachi,Confirmed Eruption,1977 Feb 22,1
Kuwae,Uncertain Eruption,1977 Feb 1,0
Villarrica,Confirmed Eruption,1977 Jan 26,1
Ambrym,Confirmed Eruption,1977 Jan 20,2
Kick 'em Jenny,Confirmed Eruption,1977 Jan 14,0
Nyiragongo,Confirmed Eruption,1977 Jan 10,1
Nyamuragira,Confirmed Eruption,1976 Dec 23,1
Minami-Hiyoshi,Uncertain Eruption,1976 Dec 20,0
Whakaari/White Island,Confirmed Eruption,1976 Dec 18,3
San Miguel,Confirmed Eruption,1976 Dec 2,1
Matthew Island,Uncertain Eruption,1976 Nov 27,1
Telica,Confirmed Eruption,1976 Nov 3,1
"Fournaise, Piton de la",Confirmed Eruption,1976 Nov 2,1
Akutan,Confirmed Eruption,1976 Oct 15,2
Sarychev Peak,Confirmed Eruption,1976 Sep 23,2
Karangetang,Confirmed Eruption,1976 Sep 15,2
Ruapehu,Confirmed Eruption,1976 Sep 12,1
Taal,Confirmed Eruption,1976 Sep 3,2
San Cristobal,Confirmed Eruption,1976 Aug 29,1
Kavachi,Confirmed Eruption,1976 Aug 24,1
Tongariro,Confirmed Eruption,1976 Aug 23,1
Sumisujima,Uncertain Eruption,1976 Aug 16,0
Fukujin,Uncertain Eruption,1976 Aug 2,0
Fukutoku-Oka-no-Ba,Uncertain Eruption,1976 Aug 2,0
Soufriere Guadeloupe,Confirmed Eruption,1976 Jul 8,2
Korovin,Uncertain Eruption,1976 Jul 2,--
Poas,Confirmed Eruption,1976 Jun 21,2
Raung,Confirmed Eruption,1976 Jun 7,2
Lopevi,Confirmed Eruption,1976 May 1,1
Kuchinoerabujima,Confirmed Eruption,1976 Apr 2,2
Batur,Uncertain Eruption,1976 Mar 26,1
Bezymianny,Confirmed Eruption,1976 Mar 25,2
San Cristobal,Confirmed Eruption,1976 Mar 9,1
Iliwerung,Uncertain Eruption,1976 Mar 8,0
Ruapehu,Confirmed Eruption,1976 Mar 6,1
Kusatsu-Shiranesan,Confirmed Eruption,1976 Mar 2,1
Minami-Hiyoshi,Uncertain Eruption,1976 Feb 16,0
Augustine,Confirmed Eruption,1976 Jan 22,4
Shishaldin,Confirmed Eruption,1976 Jan 16,2
Ioto,Confirmed Eruption,1976 Jan 16,1
Gaua,Confirmed Eruption,1976 Jan 15,2
Reventador,Confirmed Eruption,1976 Jan 4,2
Long Island,Confirmed Eruption,1976 Jan 2,1
Axial Seamount,Confirmed Eruption,1976 Jan 1,0
Krafla,Confirmed Eruption,1975 Dec 20,0
Colima,Confirmed Eruption,1975 Dec 11,2
Kilauea,Confirmed Eruption,1975 Nov 29,0
Kasuga 1,Uncertain Eruption,1975 Nov 16,0
Lokon-Empung,Confirmed Eruption,1975 Nov 16,2
"Fournaise, Piton de la",Confirmed Eruption,1975 Nov 4,1
Ruapehu,Confirmed Eruption,1975 Oct 17,1
Asosan,Confirmed Eruption,1975 Oct 16,1
Izu-Torishima,Confirmed Eruption,1975 Oct 2,2
Cleveland,Uncertain Eruption,1975 Sep 16,--
Shishaldin,Confirmed Eruption,1975 Sep 13,2
Pavlof,Confirmed Eruption,1975 Sep 13,2
Minami-Hiyoshi,Confirmed Eruption,1975 Aug 25,0
Loihi,Uncertain Eruption,1975 Aug 24,0
Kavachi,Confirmed Eruption,1975 Aug 16,1
Sumisujima,Uncertain Eruption,1975 Aug 13,0
Mauna Loa,Confirmed Eruption,1975 Jul 5,0
Nishinoshima,Uncertain Eruption,1975 Jul 2,0
Sofugan,Uncertain Eruption,1975 Jul 2,0
Southern Thule,Confirmed Eruption,1975 Jul 2,1
Tolbachik,Confirmed Eruption,1975 Jun 28,4
Fuego,Confirmed Eruption,1975 May 28,1
Telica,Confirmed Eruption,1975 May 16,0
Esmeralda Bank,Uncertain Eruption,1975 Apr 26,0
Ruapehu,Confirmed Eruption,1975 Apr 24,2
Krakatau,Confirmed Eruption,1975 Mar 27,2
Raung,Confirmed Eruption,1975 Mar 16,1
Lopevi,Confirmed Eruption,1975 Mar 6,2
Etna,Confirmed Eruption,1975 Feb 24,1
Tongariro,Confirmed Eruption,1975 Feb 12,3
Marapi,Confirmed Eruption,1975 Jan 16,2
Kilauea,Confirmed Eruption,1974 Dec 31,0
Karkar,Confirmed Eruption,1974 Dec 30,2
Fukutoku-Oka-no-Ba,Confirmed Eruption,1974 Dec 24,2
Epi,Uncertain Eruption,1974 Nov 16,0
Kavachi,Confirmed Eruption,1974 Nov 12,1
Ritter Island,Confirmed Eruption,1974 Oct 17,1
Fuego,Confirmed Eruption,1974 Oct 10,4
Etna,Confirmed Eruption,1974 Sep 29,2
Kilauea,Confirmed Eruption,1974 Sep 19,0
Poas,Confirmed Eruption,1974 Sep 11,2
Whakaari/White Island,Confirmed Eruption,1974 Sep 8,2
Kick 'em Jenny,Confirmed Eruption,1974 Sep 5,0
Pavlof,Confirmed Eruption,1974 Sep 1,3
"Lengai, Ol Doinyo",Discredited Eruption,1974 Aug 16,--
Niigata-Yakeyama,Confirmed Eruption,1974 Jul 28,2
Central Island,Uncertain Eruption,1974 Jul 22,1
Kilauea,Confirmed Eruption,1974 Jul 19,0
Lascar,Uncertain Eruption,1974 Jul 16,1
Trident,Confirmed Eruption,1974 Jul 15,3
Sumisujima,Uncertain Eruption,1974 Jul 6,0
Chachadake [Tiatia],Discredited Eruption,1974 Jul 2,--
Galeras,Confirmed Eruption,1974 Jul 2,1
Raung,Confirmed Eruption,1974 Jun 15,2
Kuchinoerabujima,Confirmed Eruption,1974 Jun 3,1
Slamet,Uncertain Eruption,1974 May 29,2
Klyuchevskoy,Confirmed Eruption,1974 Apr 8,3
Pavlof,Confirmed Eruption,1974 Mar 12,1
Batur,Confirmed Eruption,1974 Mar 12,2
Manam,Confirmed Eruption,1974 Mar 4,3
Irazu,Discredited Eruption,1974 Mar 2,--
Chokaisan,Confirmed Eruption,1974 Mar 1,1
Izu-Oshima,Confirmed Eruption,1974 Feb 28,1
Dempo,Confirmed Eruption,1974 Feb 26,2
Great Sitkin,Confirmed Eruption,1974 Feb 19,2
Fonualei,Uncertain Eruption,1974 Feb 16,1
Karkar,Confirmed Eruption,1974 Feb 14,2
Akutan,Confirmed Eruption,1974 Feb 11,2
Kuwae,Confirmed Eruption,1974 Feb 4,0
Etna,Confirmed Eruption,1974 Jan 30,2
Lopevi,Confirmed Eruption,1974 Jan 16,2
Ioto,Uncertain Eruption,1974 Jan 16,0
Concepcion,Confirmed Eruption,1973 Dec 24,2
Fukutoku-Oka-no-Ba,Confirmed Eruption,1973 Dec 18,2
Fernandina,Confirmed Eruption,1973 Dec 9,2
Iliwerung,Confirmed Eruption,1973 Dec 5,2
Reventador,Confirmed Eruption,1973 Nov 16,3
Pavlof,Confirmed Eruption,1973 Nov 12,2
Kilauea,Confirmed Eruption,1973 Nov 10,0
Kuchinoerabujima,Confirmed Eruption,1973 Nov 5,2
Ruapehu,Confirmed Eruption,1973 Oct 31,1
Paluweh,Confirmed Eruption,1973 Oct 27,2
Wolf,Uncertain Eruption,1973 Oct 25,--
Tolbachik,Uncertain Eruption,1973 Oct 16,1
Rumble III,Confirmed Eruption,1973 Oct 15,0
Gaua,Confirmed Eruption,1973 Oct 9,2
Ulawun,Confirmed Eruption,1973 Oct 4,2
Fukujin,Confirmed Eruption,1973 Sep 27,1
Lokon-Empung,Confirmed Eruption,1973 Sep 15,1
Korovin,Confirmed Eruption,1973 Aug 25,0
Slamet,Confirmed Eruption,1973 Aug 16,1
Chikurachki,Confirmed Eruption,1973 Aug 10,2
Kolokol Group,Confirmed Eruption,1973 Jul 25,1
Marapi,Confirmed Eruption,1973 Jul 24,2
"Chillan, Nevados de",Confirmed Eruption,1973 Jul 16,2
Chachadake [Tiatia],Confirmed Eruption,1973 Jul 14,4
Curacoa,Confirmed Eruption,1973 Jul 11,3
Vailulu'u,Confirmed Eruption,1973 Jul 10,0
Alaid,Uncertain Eruption,1973 Jul 2,--
Etorofu-Yakeyama [Grozny Group],Confirmed Eruption,1973 May 16,2
Raung,Confirmed Eruption,1973 May 16,1
Galeras,Uncertain Eruption,1973 May 16,2
"Fournaise, Piton de la",Confirmed Eruption,1973 May 10,2
Epi,Uncertain Eruption,1973 May 5,0
Kuwae,Uncertain Eruption,1973 May 5,0
Kilauea,Confirmed Eruption,1973 May 5,0
Long Island,Confirmed Eruption,1973 Apr 16,2
Iliboleng,Confirmed Eruption,1973 Apr 16,2
Ambrym,Confirmed Eruption,1973 Apr 15,3
Nishinoshima,Confirmed Eruption,1973 Apr 12,2
Batur,Uncertain Eruption,1973 Mar 30,1
Akutan,Confirmed Eruption,1973 Mar 16,2
Langila,Confirmed Eruption,1973 Feb 24,3
Fuego,Confirmed Eruption,1973 Feb 23,2
Okataina,Confirmed Eruption,1973 Feb 22,1
Asamayama,Confirmed Eruption,1973 Feb 1,2
Colima,Uncertain Eruption,1973 Jan 30,1
Dempo,Confirmed Eruption,1973 Jan 24,2
Vestmannaeyjar,Confirmed Eruption,1973 Jan 23,3
Asosan,Confirmed Eruption,1973 Jan 16,2
Etorofu-Yakeyama [Grozny Group],Confirmed Eruption,1973 Jan 16,1
Jan Mayen,Confirmed Eruption,1973 Jan 15,1
Soputan,Confirmed Eruption,1973 Jan 6,2
Erebus,Confirmed Eruption,1972 Dec 16,2
Tongariro,Confirmed Eruption,1972 Nov 22,3
Acatenango,Confirmed Eruption,1972 Nov 12,1
Kavachi,Confirmed Eruption,1972 Oct 24,0
Ruapehu,Confirmed Eruption,1972 Oct 22,1
Paluweh,Confirmed Eruption,1972 Oct 22,3
Ritter Island,Confirmed Eruption,1972 Oct 9,1
Merapi,Confirmed Eruption,1972 Oct 6,2
Fukutoku-Oka-no-Ba,Uncertain Eruption,1972 Oct 1,0
Deception Island,Uncertain Eruption,1972 Sep 29,--
Akutan,Uncertain Eruption,1972 Sep 16,2
Karthala,Confirmed Eruption,1972 Sep 8,1
Kuchinoerabujima,Confirmed Eruption,1972 Sep 2,2
Calbuco,Confirmed Eruption,1972 Aug 26,2
Reventador,Confirmed Eruption,1972 Jul 16,2
Kick 'em Jenny,Confirmed Eruption,1972 Jul 5,0
Rocard,Confirmed Eruption,1972 Jul 4,0
Bagana,Confirmed Eruption,1972 Jul 2,2
Lautaro,Confirmed Eruption,1972 Jul 2,1
"Chillan, Nevados de",Uncertain Eruption,1972 Jul 2,--
Antuco,Discredited Eruption,1972 Jul 2,--
Lascar,Uncertain Eruption,1972 Jul 2,2
Putana,Uncertain Eruption,1972 Jul 2,--
Galapagos Rift,Confirmed Eruption,1972 Jun 29,0
Alaid,Confirmed Eruption,1972 Jun 18,3
Krakatau,Confirmed Eruption,1972 Jun 10,2
"Fournaise, Piton de la",Confirmed Eruption,1972 Jun 9,2
Fernandina,Confirmed Eruption,1972 Jun 4,0
Epi,Uncertain Eruption,1972 May 15,0
Unnamed,Confirmed Eruption,1972 Apr 29,0
Ambrym,Confirmed Eruption,1972 Apr 15,3
Tongariro,Confirmed Eruption,1972 Mar 19,2
Zheltovsky,Uncertain Eruption,1972 Mar 16,1
Grimsvotn,Uncertain Eruption,1972 Mar 16,0
Kuwae,Uncertain Eruption,1972 Mar 5,0
Poas,Confirmed Eruption,1972 Feb 9,2
Tengger Caldera,Confirmed Eruption,1972 Jan 26,2
Batur,Confirmed Eruption,1972 Jan 19,2
Karangetang,Confirmed Eruption,1972 Jan 16,3
Central Bismarck Sea,Confirmed Eruption,1972 Jan 8,0
Erebus,Confirmed Eruption,1972 Jan 3,1
Llaima,Confirmed Eruption,1971 Dec 1,2
Klyuchevskoy,Confirmed Eruption,1971 Nov 16,1
Sundoro,Confirmed Eruption,1971 Oct 29,2
Villarrica,Confirmed Eruption,1971 Oct 29,2
Epi,Uncertain Eruption,1971 Oct 28,0
La Palma,Confirmed Eruption,1971 Oct 26,2
Augustine,Confirmed Eruption,1971 Oct 7,1
Soufriere St. Vincent,Confirmed Eruption,1971 Oct 4,0
Kilauea,Confirmed Eruption,1971 Sep 24,0
Etna,Confirmed Eruption,1971 Sep 19,2
Loihi,Uncertain Eruption,1971 Sep 17,0
Fuego,Confirmed Eruption,1971 Sep 14,3
Raung,Confirmed Eruption,1971 Sep 14,1
Tinakula,Confirmed Eruption,1971 Sep 6,2
Rocard,Confirmed Eruption,1971 Sep 6,0
Kilauea,Confirmed Eruption,1971 Aug 14,0
"Hudson, Cerro",Confirmed Eruption,1971 Aug 12,3
Kirishimayama,Confirmed Eruption,1971 Aug 5,1
Whakaari/White Island,Confirmed Eruption,1971 Jul 19,2
Chiginagak,Confirmed Eruption,1971 Jul 16,2
Ebeko,Uncertain Eruption,1971 Jul 2,1
Klyuchevskoy,Confirmed Eruption,1971 Jun 16,1
Iya,Uncertain Eruption,1971 Jun 16,1
Kerinci,Uncertain Eruption,1971 Jun 16,1
Soputan,Confirmed Eruption,1971 May 19,1
Gaua,Confirmed Eruption,1971 May 12,2
Lokon-Empung,Confirmed Eruption,1971 May 11,2
San Cristobal,Confirmed Eruption,1971 May 3,1
Whakaari/White Island,Confirmed Eruption,1971 Apr 9,2
Etna,Confirmed Eruption,1971 Apr 5,2
Izu-Oshima,Confirmed Eruption,1971 Apr 5,1
Ruapehu,Confirmed Eruption,1971 Apr 3,2
Nyamuragira,Confirmed Eruption,1971 Mar 24,3
Myojinsho,Uncertain Eruption,1971 Mar 18,0
Bezymianny,Confirmed Eruption,1971 Mar 16,3
Batur,Confirmed Eruption,1971 Mar 11,1
Kuwae,Confirmed Eruption,1971 Feb 22,2
Ambrym,Confirmed Eruption,1971 Feb 3,2
"Negro, Cerro",Confirmed Eruption,1971 Feb 3,3
Langila,Confirmed Eruption,1971 Jan 26,2
Lewotobi,Confirmed Eruption,1971 Jan 16,2
Merapi,Uncertain Eruption,1971 Jan 16,1
Karangetang,Confirmed Eruption,1970 Nov 27,2
Taal,Confirmed Eruption,1970 Nov 9,1
Akita-Komagatake,Confirmed Eruption,1970 Sep 18,2
Jan Mayen,Confirmed Eruption,1970 Sep 18,3
Tolbachik,Confirmed Eruption,1970 Sep 16,2
Ruapehu,Confirmed Eruption,1970 Sep 16,1
Kuwae,Uncertain Eruption,1970 Sep 12,0
Rincon de la Vieja,Confirmed Eruption,1970 Aug 14,1
Deception Island,Confirmed Eruption,1970 Aug 12,3
Marapi,Confirmed Eruption,1970 Jul 26,2
Poas,Confirmed Eruption,1970 Jul 16,1
Reykjanes,Uncertain Eruption,1970 Jul 2,0
Sorikmarapi,Confirmed Eruption,1970 Jul 2,2
Lewotobi,Confirmed Eruption,1970 Jul 2,2
Sirung,Confirmed Eruption,1970 Jul 2,2
Rumble III,Confirmed Eruption,1970 Jul 2,0
Etorofu-Yakeyama [Grozny Group],Confirmed Eruption,1970 Jul 2,1
Esmeralda Bank,Uncertain Eruption,1970 Jul 2,0
Izu-Oshima,Confirmed Eruption,1970 Jun 30,1
Whakaari/White Island,Confirmed Eruption,1970 Jun 30,2
Moua Pihaa,Confirmed Eruption,1970 Jun 21,0
Kanlaon,Confirmed Eruption,1970 Jun 5,1
Klyuchevskoy,Confirmed Eruption,1970 May 26,2
Bagana,Confirmed Eruption,1970 May 21,2
Langila,Confirmed Eruption,1970 May 20,2
Karymsky,Confirmed Eruption,1970 May 11,3
Lopevi,Confirmed Eruption,1970 May 9,2
Hekla,Confirmed Eruption,1970 May 5,3
Asosan,Confirmed Eruption,1970 Apr 21,2
San Miguel,Confirmed Eruption,1970 Mar 30,1
Soputan,Confirmed Eruption,1970 Feb 16,2
Kolokol Group,Confirmed Eruption,1970 Feb 16,3
Myojinsho,Confirmed Eruption,1970 Jan 29,2
Izu-Oshima,Confirmed Eruption,1970 Jan 26,1
Tolbachik,Confirmed Eruption,1970 Jan 16,1
Ulawun,Confirmed Eruption,1970 Jan 15,3
Batur,Confirmed Eruption,1970 Jan 5,1
Unnamed,Uncertain Eruption,1970 Jan 3,0
"Negro, Cerro",Confirmed Eruption,1969 Dec 19,1
Ioto,Confirmed Eruption,1969 Dec 1,1
Lokon-Empung,Confirmed Eruption,1969 Nov 27,2
Taal,Confirmed Eruption,1969 Oct 29,2
Kavachi,Confirmed Eruption,1969 Oct 28,2
Kanlaon,Confirmed Eruption,1969 Oct 10,2
Langila,Confirmed Eruption,1969 Sep 29,2
Gaua,Confirmed Eruption,1969 Sep 22,2
Rincon de la Vieja,Confirmed Eruption,1969 Sep 20,2
Klyuchevskoy,Confirmed Eruption,1969 Sep 16,2
Kiska,Confirmed Eruption,1969 Sep 11,2
Wrangell,Uncertain Eruption,1969 Aug 16,1
Whakaari/White Island,Confirmed Eruption,1969 Aug 16,2
Tangkuban Parahu,Confirmed Eruption,1969 Jul 20,1
"Lengai, Ol Doinyo",Uncertain Eruption,1969 Jul 16,--
Kerinci,Confirmed Eruption,1969 Jul 2,2
Krakatau,Uncertain Eruption,1969 Jul 2,2
Slamet,Confirmed Eruption,1969 Jun 23,2
Ruapehu,Confirmed Eruption,1969 Jun 22,2
Ubinas,Confirmed Eruption,1969 Jun 16,2
Kilauea,Confirmed Eruption,1969 May 24,0
Lascar,Confirmed Eruption,1969 May 16,1
Poas,Confirmed Eruption,1969 May 3,2
Rincon de la Vieja,Confirmed Eruption,1969 Apr 22,2
Moua Pihaa,Confirmed Eruption,1969 Apr 22,0
Didicas,Confirmed Eruption,1969 Mar 21,2
Supply Reef,Confirmed Eruption,1969 Mar 11,0
Ebulobo,Confirmed Eruption,1969 Feb 27,2
Kilauea,Confirmed Eruption,1969 Feb 22,0
Deception Island,Confirmed Eruption,1969 Feb 21,3
Ebeko,Confirmed Eruption,1969 Feb 16,1
Telica,Confirmed Eruption,1969 Feb 11,2
Iya,Confirmed Eruption,1969 Jan 27,3
Tongariro,Confirmed Eruption,1969 Jan 21,2
Izu-Oshima,Confirmed Eruption,1969 Jan 19,1
Ioto,Confirmed Eruption,1969 Jan 12,1
Kuchinoerabujima,Confirmed Eruption,1968 Dec 21,3
Marapi,Uncertain Eruption,1968 Dec 16,1
Lewotobi,Confirmed Eruption,1968 Nov 28,2
Trident,Confirmed Eruption,1968 Nov 13,3
"Negro, Cerro",Confirmed Eruption,1968 Oct 23,3
Kilauea,Confirmed Eruption,1968 Oct 7,0
Fukujin,Confirmed Eruption,1968 Sep 16,0
Talang,Confirmed Eruption,1968 Sep 16,2
Banua Wuhu,Uncertain Eruption,1968 Sep 5,0
Kilauea,Confirmed Eruption,1968 Aug 22,0
Tongariro,Confirmed Eruption,1968 Aug 18,2
Bagana,Confirmed Eruption,1968 Aug 16,2
Awu,Uncertain Eruption,1968 Aug 16,2
Kita-Ioto,Uncertain Eruption,1968 Aug 16,0
Fukutoku-Oka-no-Ba,Uncertain Eruption,1968 Aug 14,0
Arenal,Confirmed Eruption,1968 Jul 29,3
Izu-Oshima,Confirmed Eruption,1968 Jul 28,1
Io-Torishima,Confirmed Eruption,1968 Jul 18,1
Soputan,Confirmed Eruption,1968 Jul 16,1
Vulcano,Discredited Eruption,1968 Jul 11,--
Klyuchevskoy,Confirmed Eruption,1968 Jul 3,3
Tolbachik,Confirmed Eruption,1968 Jul 2,1
Gaua,Confirmed Eruption,1968 Jul 2,2
Poas,Confirmed Eruption,1968 Jul 2,1
Tupungatito,Confirmed Eruption,1968 Jul 2,2
"Azul, Cerro",Uncertain Eruption,1968 Jun 12,--
Fernandina,Confirmed Eruption,1968 Jun 11,4
Kelimutu,Confirmed Eruption,1968 Jun 3,1
Kverkfjoll,Confirmed Eruption,1968 May 23,0
Fernandina,Confirmed Eruption,1968 May 21,2
Nila,Confirmed Eruption,1968 May 7,1
Mayon,Confirmed Eruption,1968 Apr 21,3
Ruapehu,Confirmed Eruption,1968 Apr 6,2
Long Island,Confirmed Eruption,1968 Mar 16,2
Etorofu-Yakeyama [Grozny Group],Confirmed Eruption,1968 Feb 16,1
Fukutoku-Oka-no-Ba,Uncertain Eruption,1968 Feb 9,0
Kerinci,Confirmed Eruption,1968 Feb 3,2
Taal,Confirmed Eruption,1968 Jan 31,2
Whakaari/White Island,Confirmed Eruption,1968 Jan 27,3
Batur,Confirmed Eruption,1968 Jan 23,2
Izu-Oshima,Confirmed Eruption,1968 Jan 19,1
Talang,Confirmed Eruption,1968 Jan 14,1
Etna,Confirmed Eruption,1968 Jan 7,0
Ioto,Confirmed Eruption,1967 Dec 23,1
Lateiki,Confirmed Eruption,1967 Dec 11,2
Kelut,Confirmed Eruption,1967 Dec 11,1
Redoubt,Confirmed Eruption,1967 Dec 6,3
Deception Island,Confirmed Eruption,1967 Dec 4,3
Karangetang,Confirmed Eruption,1967 Nov 29,2
Io-Torishima,Confirmed Eruption,1967 Nov 25,1
Karymsky,Confirmed Eruption,1967 Nov 16,1
Kilauea,Confirmed Eruption,1967 Nov 5,0
Kerinci,Confirmed Eruption,1967 Nov 2,2
Tolbachik,Confirmed Eruption,1967 Oct 16,2
Talang,Confirmed Eruption,1967 Oct 10,1
Chikurachki,Confirmed Eruption,1967 Sep 6,2
Trident,Confirmed Eruption,1967 Sep 5,3
Semeru,Confirmed Eruption,1967 Aug 31,3
Taal,Confirmed Eruption,1967 Aug 16,1
"Azul, Cerro",Confirmed Eruption,1967 Aug 9,2
Irazu,Discredited Eruption,1967 Aug 7,--
Ruapehu,Confirmed Eruption,1967 Jul 22,1
Gaua,Confirmed Eruption,1967 Jul 16,2
Ambrym,Confirmed Eruption,1967 Jul 16,2
Tangkuban Parahu,Confirmed Eruption,1967 Jul 16,1
"Lengai, Ol Doinyo",Confirmed Eruption,1967 Jul 8,3
Erta Ale,Confirmed Eruption,1967 Jul 2,0
Tambora,Confirmed Eruption,1967 Jul 2,0
Klyuchevskoy,Confirmed Eruption,1967 Jul 2,1
Fukutoku-Oka-no-Ba,Uncertain Eruption,1967 Jul 1,0
Macdonald,Confirmed Eruption,1967 May 29,0
Izu-Oshima,Confirmed Eruption,1967 May 16,1
Asosan,Confirmed Eruption,1967 May 16,1
Slamet,Confirmed Eruption,1967 May 7,2
Unnamed,Uncertain Eruption,1967 Apr 26,--
Nyamuragira,Confirmed Eruption,1967 Apr 23,2
Fuego,Confirmed Eruption,1967 Apr 22,2
Marapi,Confirmed Eruption,1967 Apr 16,1
Farallon de Pajaros,Confirmed Eruption,1967 Mar 27,0
Tolbachik,Confirmed Eruption,1967 Mar 16,2
Kelut,Confirmed Eruption,1967 Feb 18,1
Planchon-Peteroa,Uncertain Eruption,1967 Feb 16,1
Shishaldin,Confirmed Eruption,1967 Jan 28,2
Lopevi,Confirmed Eruption,1967 Jan 27,3
Ulawun,Confirmed Eruption,1967 Jan 22,2
Langila,Confirmed Eruption,1967 Jan 19,2
Ebeko,Confirmed Eruption,1967 Jan 16,1
Merapi,Confirmed Eruption,1967 Jan 12,2
San Miguel,Confirmed Eruption,1967 Jan 5,2
Poas,Confirmed Eruption,1967 Jan 1,1
Kuchinoerabujima,Confirmed Eruption,1966 Nov 22,2
Whakaari/White Island,Confirmed Eruption,1966 Nov 13,3
Rincon de la Vieja,Confirmed Eruption,1966 Nov 6,3
Izalco,Confirmed Eruption,1966 Oct 28,0
Redoubt,Confirmed Eruption,1966 Oct 7,3
Lokon-Empung,Confirmed Eruption,1966 Sep 24,2
Matthew Island,Uncertain Eruption,1966 Aug 16,--
Awu,Confirmed Eruption,1966 Aug 12,4
Fuego,Confirmed Eruption,1966 Aug 12,3
San Miguel,Confirmed Eruption,1966 Jul 16,2
Taal,Confirmed Eruption,1966 Jul 5,3
Slamet,Confirmed Eruption,1966 Jul 2,2
Gaua,Confirmed Eruption,1966 Jul 2,2
Trident,Confirmed Eruption,1966 Jul 2,0
Reykjanes,Uncertain Eruption,1966 Jul 2,0
Telica,Confirmed Eruption,1966 Jun 16,1
Akan,Confirmed Eruption,1966 Jun 15,1
Kerinci,Confirmed Eruption,1966 Jun 9,2
Pagan,Discredited Eruption,1966 May 23,--
Soputan,Confirmed Eruption,1966 May 21,3
Azumayama,Uncertain Eruption,1966 May 16,1
Kick 'em Jenny,Confirmed Eruption,1966 May 5,0
Batur,Confirmed Eruption,1966 Apr 28,1
Kelut,Confirmed Eruption,1966 Apr 26,4
Ruby,Confirmed Eruption,1966 Apr 21,0
Rumble IV,Discredited Eruption,1966 Apr 16,--
Tolbachik,Confirmed Eruption,1966 Apr 15,2
Ruapehu,Confirmed Eruption,1966 Apr 4,1
Rinjani,Confirmed Eruption,1966 Mar 28,1
Bagana,Confirmed Eruption,1966 Mar 20,3
Kavachi,Confirmed Eruption,1966 Mar 19,2
Marapi,Confirmed Eruption,1966 Mar 16,1
"Fournaise, Piton de la",Confirmed Eruption,1966 Mar 15,2
Pavlof,Confirmed Eruption,1966 Mar 15,2
Rocard,Confirmed Eruption,1966 Mar 9,0
Sangeang Api,Confirmed Eruption,1966 Feb 28,2
San Miguel,Confirmed Eruption,1966 Feb 22,2
Fuego,Confirmed Eruption,1966 Feb 7,3
Redoubt,Confirmed Eruption,1966 Jan 24,3
Etna,Confirmed Eruption,1966 Jan 10,2
Kilauea,Confirmed Eruption,1965 Dec 24,0
Kavachi,Confirmed Eruption,1965 Dec 11,2
Sarychev Peak,Confirmed Eruption,1965 Dec 9,2
Izu-Oshima,Confirmed Eruption,1965 Nov 25,1
Tinakula,Confirmed Eruption,1965 Nov 23,3
Izu-Torishima,Confirmed Eruption,1965 Nov 13,0
Sirung,Confirmed Eruption,1965 Nov 2,1
Kick 'em Jenny,Confirmed Eruption,1965 Oct 24,0
Tangkuban Parahu,Confirmed Eruption,1965 Oct 16,1
Masaya,Confirmed Eruption,1965 Oct 10,1
Taal,Confirmed Eruption,1965 Sep 28,4
Gaua,Confirmed Eruption,1965 Sep 27,3
Rinjani,Confirmed Eruption,1965 Sep 16,0
Batur,Confirmed Eruption,1965 Aug 18,1
Ebeko,Confirmed Eruption,1965 Aug 16,1
Klyuchevskoy,Confirmed Eruption,1965 Aug 16,3
Suretamatai,Confirmed Eruption,1965 Aug 9,2
Karthala,Confirmed Eruption,1965 Jul 12,2
Lokon-Empung,Confirmed Eruption,1965 Jul 10,1
Pacaya,Confirmed Eruption,1965 Jul 4,3
Southern EPR-Segment K,Confirmed Eruption,1965 Jul 2,0
Tolbachik,Confirmed Eruption,1965 Jul 2,1
Krakatau,Confirmed Eruption,1965 Jul 2,1
Manam,Confirmed Eruption,1965 Jul 2,2
"Chillan, Nevados de",Uncertain Eruption,1965 Jul 2,--
San Miguel,Confirmed Eruption,1965 Jun 14,2
Asamayama,Confirmed Eruption,1965 May 23,2
Karymsky,Confirmed Eruption,1965 May 15,3
Akan,Confirmed Eruption,1965 May 15,1
Sirung,Confirmed Eruption,1965 May 7,1
Karangetang,Confirmed Eruption,1965 Apr 5,2
Bezymianny,Confirmed Eruption,1965 Mar 9,3
Kilauea,Confirmed Eruption,1965 Mar 5,0
Tangkuban Parahu,Confirmed Eruption,1965 Feb 16,1
Redoubt,Discredited Eruption,1965 Jan 29,--
Telica,Confirmed Eruption,1965 Jan 16,1
